,报告标题,APT组织,披露时间,披露机构,攻击方法,报告摘要
0,黑客组织APT15活跃，使用四种Android监控软件,Ke3Chang (4),2020-07-01,Lookout,木马后门,Lookout研究人员发现了四个独立的恶意软件家族，每个家族都有自己独特的数据收集重点和技术，并将之命名为SilkBean、DoubleAgent、CarbonSteal和GoldenEagle。这些应用程序的主要目的是收集和回传个人用户数据到命令和控制服务器。这些监控软件还依靠已知的恶意软件家族，如HenBox、PluginPhantom、Spywaller和Darth Pusher来辅助其监控行动。研究发现最早的攻击活动可以追溯到2013年，目标主要是中国和世界各地的维吾尔族人，但也包括藏族人和可能更广泛的穆斯林社区。DoubleAgent、GoldenEagle和SilkBean的样本共享C2基础设施，表明部署这些恶意软件工具的背后是同一个攻击组织。值得注意的是，黑客组织GREF的基础设施被发现与CarbonSteal样本直接相关。在过去的公开报道中，GREF还被称为APT15、Ke3chang、Mirage、Vixen Panda和Playful Dragon。
1,MirageFox：APT15使用基于Old Ones的新工具重新浮出水面,Ke3Chang (4),2018-06-14,INTEZER,恶意软件,巧合的是，在最近美国海军承包商的黑客行为和潜在战争中高度敏感的数据被盗后，我们发现了一个被称为APT15的团体近期的活动证据，该团体以进行网络间谍活动而闻名，据信这与网络间谍有关。
2,APT15充满活力：对RoyalCli和RoyalDNS的分析,Ke3Chang (4),2018-03-09,NCC Group,木马后门,在我们对折衷方案的分析中，我们确定了现在似乎是APT15工具集的一部分的新后门。传统上由集团使用的后门BS2005现在与额外的后门RoyalCli和RoyalDNS一起出现。
3,“Ke3chang”行动针对外交部进行针对性攻击,Ke3Chang (4),2013-12-12,FireEye,C&C鱼叉攻击,欧洲外交部已被威胁实施者Ke3chang作为目标，并成功入侵。本次攻击利用叙利亚危机作为诱饵，进行恶意软件的植入。而此次攻击，正处于俄罗斯G20会议期间，叙利亚危机正是会议主要关注的国际事项。文中主要展示了自2010年起，Ke3chang进行的关于G20发起的多次攻击，并提供相关技术指标。
4,多个中国威胁组利用自2018年末以来的CVE-2018-0798公式编辑器漏洞,KeyBoy (2),2019-07-03,Anomali,CVE-2018-0798,在Anomali威胁研究员追踪“皇家之路”富文本格式（RTF）武器器的过程中，多个中国威胁组织通常使用它来利用CVE-2017-11882和CVE-2018-0802，发现多个中国威胁组织更新了他们的武器工具利用2018年末的Microsoft公式编辑器（EE）漏洞CVE-2018-0798。我们认为这些组移动使用CVE-2018-0798而不是其他Microsoft公式编辑器远程执行代码执行（RCE）漏洞，因为前者更多可靠，因为它适用于所有已知版本的公式编辑器。
5,Tropic Trooper组织攻击的新方法分析,KeyBoy (2),2018-03-14,TrendMicro,后门木马鱼叉式钓鱼攻击漏洞利用,Tropic Trooper 主要以台湾、菲律宾和香港为目标，攻击活动集中在政府、医疗、交通和高科技产业。该组织开发自己的网络应用工具，在最近的活动中对这些工具进行了不断技术更新。本文主要对该组织及其工具新的行为特征进行分析说明。
6,美国大选下的APT攻击：Kimsuky以选举结果预测为诱饵的攻击活动分析,Kimsuky (8),2020-11-04,奇安信,钓鱼攻击,Kimsuky，别名Mystery Baby，Baby Coin，Smoke Screen，Black Banshe。疑似具有东北亚背景，主要针对韩国，俄罗斯进行攻击活动，最早由卡巴斯基披露。韩国安全公司认为其与Group123存在部分重叠。 美国2020大选竞争激烈，也引起了全世界的关注。近日奇安信威胁情报中心红雨滴团队在日常高级威胁狩猎中，捕获东北亚地区的Kimsuky APT组织以美国大选为诱饵的攻击样本，该样本以美国总统大选预测为标题，诱导受害者点击执行，同时采用在HWP文档中嵌入VBS脚本方式，有效的绕过杀软检测，该样本在首次上传到VirusTotal时，没有杀软检测到其恶意代码。
7,朝鲜高级持续威胁焦点：Kimsuky,Kimsuky (8),2020-10-27,CISA,鱼叉式网络钓鱼社会工程学水坑攻击,"US-CERT披露截至2020年7月已发现的朝鲜APT组织Kimsuky的TTP（战术, 技术与过程）。Kimsuky可能自2012年以来一直在运营，进行全球情报收集任务。Kimsuky针对韩国、日本和美国的个人和组织开展情报收集活动，重点放在与朝鲜半岛、核政策和制裁有关的外交政策和国家安全问题上，特别针对各个领域专家、智囊团、韩国政府实体。Kimsuky采用常见的社会工程策略、鱼叉式网络钓鱼和水坑攻击，从受害者那里窃取所需信息，其中使用鱼叉式网络钓鱼获得对受害者主机或网络的初始访问权限。"
8,疑似 KimsukyAPT 组织最新攻击活动样本分析,Kimsuky (8),2020-09-04,知道创宇,钓鱼攻击木马后门,Kimsuky APT是一个长期活跃的APT攻击组织，一直针对于韩国的智囊团、政府组织、新闻组织、大学教授等等进行活动。并且该组织拥有多平台的攻击能力，载荷便捷，阶段繁多。国内研究人员发现疑似该组织最新的攻击样本，该样本为伪装为word文件图标的pe文件。其执行后生成一个伪装的doc文件，主题为韩国某学校相关的文档，起到迷惑受害者的作用。其窃取的信息包括系统临时文件，系统信息。
9,近期使用新冠疫情（COVID-19）为诱饵的APT攻击活动汇总,Kimsuky (8),2020-03-28,腾讯,"恶意脚本木马后门,勒索软件钓鱼邮件",目前，由新型冠状病毒引起的肺炎疫情（COVID-19）在全球蔓延，已有190个国家存在确诊病例，全球确诊人数已经超过43万人，死亡病例超过1.9万。中国大陆已基本控制住疫情，但在意大利、西班牙、美国等发达国家疫情仍处于爆发期，世界卫生组织已将疫情的全球风险级别确定为“非常高”。 而随着新冠病毒疫情（COVID-19）在全球蔓延，以此为主题的网络攻击事件骤然增长。其中中国大陆、意大利、韩国等国家成为黑客网络攻击的高风险地区。腾讯安全威胁情报中心自疫情爆发后，已检测到多起以新冠病毒疫情为主题的攻击活动。 攻击者大多以投递邮件的方式，构造诱饵文件欺骗用户点击，恶意文件类型多种多样，覆盖EXE、MS Office宏文档、漏洞文档、lnk文件、VBS脚本等。而攻击的背景也包括具有国家背景的专业APT组织和普通黑产组织。本文对近期发现的以新冠病毒疫情为诱饵的攻击活动加以汇总，供大家参考。在此提醒广大政企单位和个人用户，在做好疫情防控的同时，也要做好网络安全的防护工作。
10,谨防Kim Suki伪装成简历的``Blue Esteeate Part5''APT攻击,Kimsuky (8),2020-03-02,ESTsecurity,恶意软件,ESTsecurity在2月28日发现Kimsuky组织针对韩国进行APT攻击。该活动使用伪装的hwp文档简历，打开后将释放有效载荷。带有自动运行功能的第一个DLL有效载荷执行后，通过连接到实际C＆C，来执行可进行恶意操作的第二个DLL有效载荷。恶意代码将注入并添加到Windows explorer.exe中，最后下载恶意软件并上传收集的信息，并等待攻击者的其它指示。
11,朝鲜APT组织涉嫌针对多国外交部的钓鱼攻击活动,Kimsuky (8),2019-08-21,Anomali,漏洞利用网络钓鱼,Anomali研究人员发现一个伪装成法国外交部门户登录页面的钓鱼网站，进一步跟踪发现，该钓鱼活动针对三个不同国家外交部机构和四家研究型组织，其中一些域名还。其中一些恶意域名伪装成电子邮件提供商域名，以降低可疑性，从而窃取登录凭证信息。该活动部分基础设施与朝鲜黑客组织的Kimsuky活动域名重叠，并且其中一名受害者与朝鲜制裁方面工作有关。活动中的许多域名并不活跃，尽管大多数域名都是今年注册，可能攻击者在未来的攻击中会使用到。
12,Kimsuky背后组织推出“Smoke Screen”APT活动，针对韩国和美国,Kimsuky (8),2019-07-30,AhnLab,暂无数据,"ESRC研究人员在2019年4月11日发现针对韩国和美国的鱼叉式钓鱼网络攻击，该攻击针对韩国涉及朝鲜问题的人员。研究人员认为该活动是""Operation Stealth Power""恶意活动的延伸，因为相关恶意文档使用了与""Operation Stealth Power""活动中相同的“Tom”帐户进行注册。攻击活动利用hwp恶意文档漏洞加载恶意负载。"
13,The ‘Kimsuky’ Operation: A North Korean APT,Kimsuky (8),2013-09-10,AhnLab,暂无数据,2013年9月发现针对韩国军事智库的大规模网络间谍活动，并引用恶意代码中词语“Kimsuky”对其命名。“Kimsuky”恶意软件通过钓鱼邮件进行传播，具有记录键盘输入、收集目录列表、远程控制和访问等功能，并可在入侵的计算机上开设后门，与保加利亚的一家电子邮件服务商通信。经过分析，“Kimsuky”恶意软件具有一些地缘政治特性，源代码中包含朝鲜语词汇，可专门窃取HWP格式的文档（由韩国Hancom Office软件创建，在韩国政府中广泛使用）并关闭安博士公司的杀毒软件（安博士是韩国著名的反病毒企业）。
14,新恶意下载器DePriMon，使用端口监视器技术实现持久性,Lamberts (3),2019-11-21,ESET,暂无数据,"ESET研究人员最近发现了名为DePriMon的恶意下载器，该恶意软件在中欧的一家私人公司和中东的数十台计算机中被发现，并且至少从2017年3月开始就处于活动状态。安装后，为了实现持久性，恶意软件注册一个新的本地端口监视器，并将自身配置成名为""Windows默认打印监视器驱动程序""的打印监视器，其配置文件以加密格式存储在％Temp％文件夹中，当恶意软件需要读取文件时，它将对文件解密，将其读取到内存中，然后再次对文件进行加密。恶意程序加载后使用TLS加密与其命令和控制服务器进行通信。目前还不知道该恶意软件的感染方式和提供的最终有效负载。但是发现，该恶意软件和 APT组织Lamberts(又名Longhorn)使用的ColoredLambert恶意软件一起在某些受害系统被发现。"
15,卡巴斯基披露Longhorn攻击工具包,Lamberts (3),2017-04-11,Kaspersky,暂无数据,"卡巴斯基安全研究人员发布了关于Longhorn攻击工具包的报告。Longhorn的复杂程度可与Regin, ProjectSauron, Equation或Duqu2相比，是目前分析过的最复杂的间谍活动。卡巴斯基内部称Longhorn为The Lamberts。The Lamberts最早于2014年被fireeye检测到，使用了零日漏洞CVE-2014-4148。其使用的木马为BlackLambert，攻击目标为欧洲的组织。从2008年开始The Lamberts开始使用多种复杂的攻击工具，包括网络驱动后门，模块化后门，信息收集器，擦除器等等，针对的操作系统有Windows和OSX，最新的样本创建于2016年。Lamberts工具包最活跃时期为2013年和2014年。总的来说，该工具包使用了高度复杂的恶意软件，可用高级技术来嗅探网络流量，绕过磁盘在内存中运行插件，在64位Windows系统上运行未签名的代码。"
16,Vault 7行动背后的间谍组织Longhorn,Lamberts (3),2017-04-10,Symantec,暂无数据,"“Vault 7”行动使用的间谍工具和操作协议针对了至少16个不同国家的40个目标，赛门铁克称实施该行动的团伙为Longhorn。种种迹象表明Longhorn从2007年开始活动，2011年开始变的活跃，使用了一系列后门木马和0-day漏洞，针对行业包括政府，国际运营机构，金融，电信，能源，航空航天，信息技术，教育和自然资源部门，针对地区包括中东，欧洲，亚洲和非洲。赛门铁克2014年发现其使用了零日漏洞CVE-2014-4148，木马为Plexor。Longhorn使用的手段非常复杂，为间谍组织。其使用的其他木马包括Corentry, Backdoor.Trojan.LH1和 Backdoor.Trojan.LH2。Vault 7泄露的第二个文档详细描述了Fire and Forget，一种用于通过称为“Archangel”的工具对用户模式注入有效载荷的规范。泄露的第三份文件概述了恶意软件工具应遵循的加密协议，包括使用SSL来防止中间人（MITM）攻击，每次连接交换一次密钥，以及使用带有32位密钥的AES。这些要求与赛门铁克发现的所有Longhorn工具中所遵循的加密实践相一致。其他Vault 7文档概述了要使用的交易手段，例如使用实时传输协议（RTP）作为C＆C通信手段，采用擦除使用（wipe-on-use）作为标准做法，内存中字符串使用唯一的部署时间键进行字符串混淆，以及使用涉及重命名和重写的安全擦除协议。"
17,疑似Lazarus针对双平台的攻击活动披露,Lazarus (14),2019-11-04,奇安信,木马后门网络钓鱼鱼叉邮件,Lazarus APT组织是一个长期活跃的组织，因为2014年攻击索尼影业而开始受到广泛关注，该组织早期主要针对韩国，美国等国家的政府机构进行攻击活动，以窃取情报等信息为目的。自2014年后，该组织开始针对全球金融机构，加密交易机构等为目标，进行敛财活动。
18,这是针对俄罗斯组织的CIBERCRIMINAL LAZARUS集团发现的攻击事件,Lazarus (14),2019-02-20,SECURE SOFT,恶意软件,安全研究人员得出的结论是，由朝鲜国家Lazarus赞助的网络犯罪集团将针对位于俄罗斯的公司进行可疑活动。这是基于在检测到的策略，技术和工具之间发现的连接以及该组的操作方式（也称为隐藏眼镜蛇）。
19,Lazarus继续抢劫，对拉丁美洲的金融组织进行攻击,Lazarus (14),2018-11-20,TrendMicro,木马后门,网络犯罪集团Lazarus，特别是其子集团Bluenoroff，有攻击亚洲和拉丁美洲金融机构的历史。该小组的活动似乎重新抬头，最近的事件显示了他们的工具和技术是如何演变的。就在上周，他们被发现从亚洲和非洲的ATM机上偷走了数百万美元。我们最近还发现，他们成功地将他们的后门（趋势科技检测为BKDR_BINLODR.ZNFJ-A）安装到拉丁美洲的几家金融机构中。
20,赛门铁克发现朝鲜APT组织Lazarus攻击金融机构的关键性工具,Lazarus (14),2018-11-08,Symantec,漏洞利用木马后门,赛门铁克研究人员透露，Lazarus组织在开展FASTCash攻击时，首先会找点入侵目标银行的网络，接着渗透进入负责ATM交易的交换应用服务器，最终在这些服务器上部署一些此前我们从未识别的恶意软件 – (Trojan.Fastcash) 。之后，Lazarus攻击人员会发起欺诈性的现金提取请求，其部署的恶意软件则负责请求拦截监听，并会向负责ATM交易的交换应用服务器返回假冒的请求响应，以此实现对ATM系统的现金窃取。
21,AppleJeus行动：Lazarus用虚假安装程序及macOS恶意软件攻击交易所,Lazarus (14),2018-08-23,Kaspersky,漏洞利用水坑攻击,在APT领域，Lazarus组织一直盯着全世界各地的银行及其他金融公司。在过去几个月内，Lazarus已经成功攻陷了多家银行，渗透全球多家加密货币交易所以及金融科技公司。 卡巴斯基在调查被Lazarus攻击的某个加密货币交易所时，意外发现了一个线索。受害者最开始时被带有木马功能的密币交易软件所感染，而该木马借助邮箱传播到目标公司内部。调查结果表明，该公司中一名警惕性不高的员工从一个貌似合法的网站上下载了一个第三方应用，公司也因此感染了Fallchill这款恶意软件，该恶意软件已经有些年头，是Lazarus最近正在使用的一款工具。 为了确保操作系统不会导致感染失败，攻击者貌似非常努力，专门开发了适配其他操作系统的恶意软件，macOS系统也不例外。根据网站描述，适配Linux的版本也即将出炉，这貌似是我们首次看到该APT组织使用针对macOS的恶意软件。Lazarus组织已经拓宽了他们可以攻击的操作系统列表，非Windows平台的用户应该对此有所警醒。
22,Andariel组织的侦察新技术暗示下阶段攻击对象,Lazarus (14),2018-07-16,TrendMicro,漏洞利用水坑攻击,"Andariel组织是朝鲜黑客组织Lazarus Group的分支，研究人员通过分析该组织在最新活动中使用的侦察技术，发现了未来潜在的攻击对象,其主要攻击目标还是韩国。 韩国安全研究称Andariel组织5月份使用ActiveX的0 day漏洞对韩国的网站发起水坑攻击，即Operation GoldenAxe。6月月份，发现Andariel对4个被黑的韩国网站注入了恶意脚本，用于监视目的。"
23,GhostSecret事件分析：在全球范围内发动攻击窃取数据,Lazarus (14),2018-04-24,McAfee,后门木马鱼叉式钓鱼攻击漏洞利用,McAfee高级威胁研究（ATR）团队的分析人员最近发现了在全球范围内肆虐的一场数据窃取攻击活动（此次攻击活动名为Operation GhostSecret，用到了多个植入体）包括关键基础设施、娱乐、金融、医疗保健以及电信在内的许多行业受到影响。
24,隐藏的眼镜蛇瞄准土耳其金融部门与新Bankshot植入,Lazarus (14),2018-03-08,McAfee,鱼叉式网络钓鱼,在这个新的，激进的活动中，我们看到了Bankshot种植体的回归，最终出现在2017年.Bankshot旨在坚持受害者的网络进一步剥削; 因此，高级威胁研究团队认为此操作旨在获取特定金融机构的访问权限。 根据我们的分析，土耳其的金融机构通过包含恶意Microsoft Word文档的鱼叉式网络钓鱼电子邮件进行攻击。该文档包含一个嵌入式Adobe Flash漏洞，最近由韩国互联网安全机构宣布。该利用利用CVE-2018-4878，允许攻击者执行任意代码，例如植入。
25,针对加密货币的Lazarus Campaign展示了远程控制器工具，Evolved RATANKBA等,Lazarus (14),2018-01-24,TrendMicro,恶意软件水坑攻击,被称为RATANKBA的恶意软件只是Lazarus武器库中的武器之一。这种恶意软件自2016年底开始可能一直处于活跃状态，最近在针对使用水坑攻击的金融机构开展的活动中使用了该软件。
26,朝鲜在2017年末的竞选活动中瞄准韩国加密货币用户和交易所,Lazarus (14),2018-01-16,Recorded Future,鱼叉式网络钓鱼,截至2017年底，朝鲜继续瞄准韩国，针对加密货币用户和交易所以及对外国事务感兴趣的韩国大学生进行鱼叉式网络钓鱼活动。此活动中的恶意软件利用已知的Ghostscript漏洞（CVE-2017-8291），并且仅针对韩语文字处理器Hancom的Hangul文字处理器的用户进行定制。
27,朝鲜利用比特币漏洞获利,Lazarus (14),2017-11-20,Proofpoint,后门木马鱼叉式钓鱼攻击漏洞利用供应链攻击水坑攻击,Lazarus的攻击日趋以经济利益为目的，似乎正在通过加密货币日益增长的热潮和疯涨的价格获利。Proofpoint的研究人员已经发现了一些多级攻击，它们使用加密货币诱饵来使具有复杂后门和恶意监控软件的受害者感染。然后受害者感染的包括Gh0st RAT在内的其他恶意软件，窃取加密货币钱包和交易，使 Lazarus能够利用比特币和其他加密货币获利。在一系列的攻击中我们还发现，这似乎是第一个公开记录的一个针对盗窃信用卡数据的销售终端系统（POS）框架的国家—政府实例。而且，将攻击销售终端系统的时间安排在假日购物季时期，增大了潜在的经济损失。
28,HIDDEN COBRA–朝鲜的DDoS僵尸网络基础设施,Lazarus (14),2017-06-13,US-Cert,DDOS攻击,该报告结合了美国国土安全部（ DHS ）与联邦调查局（ FBI ）联合调查的结果，其中还包括一份与恶意软件 DeltaCharlie 感染系统相关的 IP 地址列表。DeltaCharlie 最初被 Novetta 联盟发现并宣称是黑客组织 Lazarus 武器库的 DDoS 工具。此外，该报告还称 Lazarus 为 Hidden Cobra，并将该组织活动与朝鲜政府关联。
29,Lazarus集团对金融机构的攻击,Lazarus (14),2017-04-03,Kaspersky,木马后门,卡巴斯基发布了关于APT组织Lazarus的报告。Lazarus的活动最早发现于2009年，其发起的攻击包括2013年针对韩国广播公司、金融机构等的DarkSeoul行动和2014年针对索尼影音的入侵事件，并且在2016年孟加拉国央行被盗走8100万美元的事件中也出现了Lazarus的恶意软件。Lazarus拥有大量恶意软件，使用了各种代码混淆技术，重写算法，使用商业软件保护器，并使用自己和地下论坛传播的软件壳。Lazarus旗下还有一个组织Bluenoroff，只针对金融行业。该组织主要擅长逆向工程，如将恶意代码植入银行系统SWIFT相关的软件。Bluenoroff最喜欢的一个策略是木马安装后静默运行，在转移巨额美金时尽量不留痕迹。值得注意的是，研究人员观测到SWIFT软件解决方案没有任何漏洞。这些攻击主要针对银行基础设施和员工，利用常用软件或网站中的漏洞，暴力破解密码，使用键盘记录器和提升权限等方法。到目前为止，Lazarus/ Bluenoroff组织是对金融业发起大规模攻击中最成功的一个。 我们相信，未来几年他们对银行、金融、贸易公司以及赌场都是最大威胁之一。
30,Blockbuster行动报告,Lazarus (14),2016-12-24,NOVETTA,鱼叉式网络钓鱼,重磅炸弹行动（Operation Blockbuster）是由Novetta领导的行业合作伙伴联盟，旨在识别和消除与2014年11月索尼影业攻击相关的恶意工具。分析人员从2015年开始研究在SPE攻击之后安全社区公布的几个恶意软件样本哈希。这些样本的哈希值协助他们建立了恶意软件功能的基准模型，因为恶意软件样本中使用了常见的代码和库内容。 在恶意样本代码片段中发现的相似之处表明，恶意软件家族是同一伙人员开发或是开发者进行了代码、基础架构和资源共享的工作。分析人员将开发并使用这些恶意软件家族的组织命名为Lazarus，并将多个已识别的恶意软件家族及公开报告的SPE攻击与该组织进行了关联。从2009年的DDoS攻击到“Ten Days of Rain”和Operation Troy事件的发生，再到2013年3月DarkSeoul的网络间谍攻击活动，Lazarus一直在使用Operation Blockbuster中发现的恶意软件工具进行着攻击。
31,恶意软件MgBot新变种针对印度和香港,Leviathan (5),2020-07-21,Malwarebytes LABS,钓鱼攻击木马后门,研究人员发现了若干带有嵌入式文件的压缩文件，这些文件伪装成来自印度政府或英国首相鲍里斯·约翰逊（Boris Johnson）关于香港的声明，同时使用模板注入来加载Cobalt Strike变体和被命名为MgBot的加载程序。MgBot通过使用Windows上的应用程序管理（AppMgmt）服务执行并注入了最终的有效负载。MgBot使用了几种抗分析和抗虚拟化技术。代码是自动修改的，可在运行时更改其代码段，以增加静态分析的难度。MgBot中捆绑的最后一段代码是一个远程管理木马，它具有以下功能： 通过TCP进行C2通信；能够截图；键盘记录；文件和目录管理；进程管理；创建MUTEX。
32,APT40：审视中国 - Nexus间谍演员,Leviathan (5),2019-03-04,FireEye,木马后门,FireEye正在强调一项针对关键技术和传统智能目标的网络间谍活动，该活动来自中国 - 纽约州赞助的演员，我们称之为APT40。
33,中国和印度有共享的APT攻击资源吗？,Leviathan (5),2019-02-05,Recorded Future,漏洞攻击鱼叉式邮件,Anomali Labs最近分析了大量与APT组相关的武器化RTF网络钓鱼文件，这些文件符合中国和印度的国家利益。该分析已经确定了共享对象维度和共享混淆方法，这些方法被称为Sidewinder的APT组使用的武器化RTF文件（印度国家利益），Goblin Panda / Conimes（中国国家利益），Temp.Periscope / APT40 / Leviathan（中国国家利益），Temp.Trident / Dagger Panda和Nomad Panda / Icefog（中国国家利益）。两个独特的对象维度在RTF文件中可以看到多个共享混淆方法，这些方法似乎是共享RTF网络钓鱼武器的工件。除了共享的RTF属性之外，在与中国对齐的APT组之间共享一个独特的开发后TTP模式，而在Sidewinder APT活动中可以看到独特的开发后执行链。使用常见的RTF网络钓鱼武器器以及不同的后利用TTP引入了中国和印度APT可能拥有重叠供应链以获取漏洞利用和网络钓鱼武器的可能性。然而，在获得这些工具之后，一个独特而复杂的APT数字季度管理员网络可能会确定这些工具如何配备有效载荷并部署在不同的操作中。
34,中国威胁演员TEMP.Periscope利用俄罗斯APT技术瞄准英国工程公司,Leviathan (5),2018-11-13,Recorded Future,鱼叉式网络钓鱼,TEMP.Periscope是一个由国家赞助的中国威胁演员，于2017年10月首次公开亮相，当时有报道称有一个名为Leviathan的团体。Leviathan使用独特的开源工具组合来针对海事和国防行业进行间谍活动。该报告详细介绍了该组织至少可追溯至2014年的报道。
35,Leviathan：网络间谍组织攻击分析,Leviathan (5),2017-10-16,Proofpoint,后门木马鱼叉式钓鱼攻击漏洞利用水坑攻击,Proofpoint研究人员正在跟踪一个间谍组织Leviathan，该组织目标是国防和政府部门的组织和高价值目标。至少从2014年起，这个组织一直对美国和西欧的海事工业、海军防御承包商以及相关研究机构感兴趣并发起攻击。
36,新恶意下载器DePriMon，使用端口监视器技术实现持久性,Longhorn (3),2019-11-21,ESET,暂无数据,"ESET研究人员最近发现了名为DePriMon的恶意下载器，该恶意软件在中欧的一家私人公司和中东的数十台计算机中被发现，并且至少从2017年3月开始就处于活动状态。安装后，为了实现持久性，恶意软件注册一个新的本地端口监视器，并将自身配置成名为""Windows默认打印监视器驱动程序""的打印监视器，其配置文件以加密格式存储在％Temp％文件夹中，当恶意软件需要读取文件时，它将对文件解密，将其读取到内存中，然后再次对文件进行加密。恶意程序加载后使用TLS加密与其命令和控制服务器进行通信。目前还不知道该恶意软件的感染方式和提供的最终有效负载。但是发现，该恶意软件和 APT组织Lamberts(又名Longhorn)使用的ColoredLambert恶意软件一起在某些受害系统被发现。"
37,卡巴斯基披露Longhorn攻击工具包,Longhorn (3),2017-04-11,Kaspersky,暂无数据,"卡巴斯基安全研究人员发布了关于Longhorn攻击工具包的报告。Longhorn的复杂程度可与Regin, ProjectSauron, Equation或Duqu2相比，是目前分析过的最复杂的间谍活动。卡巴斯基内部称Longhorn为The Lamberts。The Lamberts最早于2014年被fireeye检测到，使用了零日漏洞CVE-2014-4148。其使用的木马为BlackLambert，攻击目标为欧洲的组织。从2008年开始The Lamberts开始使用多种复杂的攻击工具，包括网络驱动后门，模块化后门，信息收集器，擦除器等等，针对的操作系统有Windows和OSX，最新的样本创建于2016年。Lamberts工具包最活跃时期为2013年和2014年。总的来说，该工具包使用了高度复杂的恶意软件，可用高级技术来嗅探网络流量，绕过磁盘在内存中运行插件，在64位Windows系统上运行未签名的代码。"
38,Vault 7行动背后的间谍组织Longhorn,Longhorn (3),2017-04-10,Symantec,暂无数据,"“Vault 7”行动使用的间谍工具和操作协议针对了至少16个不同国家的40个目标，赛门铁克称实施该行动的团伙为Longhorn。种种迹象表明Longhorn从2007年开始活动，2011年开始变的活跃，使用了一系列后门木马和0-day漏洞，针对行业包括政府，国际运营机构，金融，电信，能源，航空航天，信息技术，教育和自然资源部门，针对地区包括中东，欧洲，亚洲和非洲。赛门铁克2014年发现其使用了零日漏洞CVE-2014-4148，木马为Plexor。Longhorn使用的手段非常复杂，为间谍组织。其使用的其他木马包括Corentry, Backdoor.Trojan.LH1和 Backdoor.Trojan.LH2。Vault 7泄露的第二个文档详细描述了Fire and Forget，一种用于通过称为“Archangel”的工具对用户模式注入有效载荷的规范。泄露的第三份文件概述了恶意软件工具应遵循的加密协议，包括使用SSL来防止中间人（MITM）攻击，每次连接交换一次密钥，以及使用带有32位密钥的AES。这些要求与赛门铁克发现的所有Longhorn工具中所遵循的加密实践相一致。其他Vault 7文档概述了要使用的交易手段，例如使用实时传输协议（RTP）作为C＆C通信手段，采用擦除使用（wipe-on-use）作为标准做法，内存中字符串使用唯一的部署时间键进行字符串混淆，以及使用涉及重命名和重写的安全擦除协议。"
39,Lotus Blossom继续以东盟为目标,Lotus Blossom (2),2018-02-13,RSA,恶意软件,在1月（2018年）的最后几周，来自Lotus Blossom的民族国家演员针对东南亚国家联盟（ASEAN）国家进行了有针对性的malspam运动。
40,LOTUS BLOSSOM行动,Lotus Blossom (2),2015-06-16,paloalto,鱼叉式钓鱼,本文记述了已在网络中活跃了3年的针对东南亚政府和军事组织的持续性网络间谍活动。本次攻击活动主要针对的目标为：香港，台湾，越南，菲律宾和印度尼西亚。他们在受害者的设备中部署了名为Elise的后门木马。 黑客依靠鱼叉式钓鱼攻击手法攻击并感染受害者设备，他们通常向受害者发送与其工作相关或感兴趣的文档，诱导受害者打开文档。这些文档中包含攻击者所使用的木马程序，一旦受害者将其打开，该木马程序则会安装在受害者设备中，等待攻击者进行下一步操作。
41,APT27组织工具ZxShell RootKit模块更新,LuckyMouse (5),2020-01-13,lab52,暂无数据,"最近，国外研究人员监测到APT27(又名Emissary Panda)组织使用的工具ZxShell RAT的RootKit模块更新。其中2018版和最近的2019版之间大部分的功能函数都是相同的，但是改变了其中5个函数(包括驱动入口点)，主要变化体现在：(1)反转了字符串列表，这些字符串标识了驱动程序在默认情况下加载时隐藏的文件;(2)试图隐藏使用的微软API""ObReferenceObjectByName""；(3)将一些函数的部分逻辑移到了另一个点上，保持了相同的功能。"
42,多个中国威胁组利用自2018年末以来的CVE-2018-0798公式编辑器漏洞,LuckyMouse (5),2019-07-03,Anomali,CVE-2018-0798,在Anomali威胁研究员追踪“皇家之路”富文本格式（RTF）武器器的过程中，多个中国威胁组织通常使用它来利用CVE-2017-11882和CVE-2018-0802，发现多个中国威胁组织更新了他们的武器工具利用2018年末的Microsoft公式编辑器（EE）漏洞CVE-2018-0798。我们认为这些组移动使用CVE-2018-0798而不是其他Microsoft公式编辑器远程执行代码执行（RCE）漏洞，因为前者更多可靠，因为它适用于所有已知版本的公式编辑器。
43,使者熊猫攻击中东政府Sharepoint服务器,LuckyMouse (5),2019-05-28,paloalto,CVE-2019-0604,2019年4月，第42单元观察了使用熊猫（AKA APT27，TG-3390，青铜联盟，幸运鼠标）威胁组织在Sharepoint服务器上安装网壳以危害中东两个不同国家的政府组织。我们认为攻击者利用CVE-2019-0604跟踪的Microsoft SharePoint中最近修补的漏洞，这是一个远程执行代码漏洞，用于危害服务器并最终安装webshell。演员们上传了他们用于在受感染网络上执行其他活动的各种工具，例如转储凭据，以及定位和转移到网络上的其他系统。特别值得注意的是他们使用工具来识别易受CVE-2017-0144影响的系统，这是EternalBlue利用的漏洞，它以2017年WannaCry攻击中的使用而闻名。
44,LuckyMouse使用中国IT公司的证书签署恶意NDISProxy驱动程序,LuckyMouse (5),2018-09-10,Kaspersky,窃听钓鱼水坑式攻击木马后门,卡巴斯基的安全专家观察到LuckyMouse APT（又名Emissary Panda，APT27和Threat Group 3390）在最近的攻击中使用了具有合法数字签名的32位和64位网络过滤驱动程序NDISProxy。 自2018年3月以来，发现了几例感染，在这些感染中未知的木马被注入lsass.exe系统进程内存。这些植入程序由拥有合法数字签名的32位和64位网络过滤驱动程序NDISProxy注入。这个驱动程序是使用属于中国的公司LeagSoft的数字证书签署的，LeagSoft是一家位于广东深圳的信息安全软件开发商。 本报告中描述的活动在中亚高层会议召开之前就已经开始，我们认为幕后的行动者仍然关注地区政治。
45,LuckyMouse访问国家数据中心，组织国家级的水务运动,LuckyMouse (5),2018-06-13,Kaspersky,水坑攻击,由于使用的工具和策略，我们将该活动归因于LuckyMouse中文演员（也称为EmissaryPanda和APT27）。此外，C2域update.iaacstudio [。] com之前已在其广告系列中使用。此活动中发现的工具，如HyperBro特洛伊木马，经常被各种讲中文的演员使用。
46,APT-C-43窃取委内瑞拉的军事机密，为反动派提供情报支持— HpReact运动,Machete (2),2020-09-25,360,钓鱼邮件攻击,2020年6月，360安全中心通过无文件攻击防护功能发现了用Python编写的新后门Pyark。通过对后门的深入挖掘和跟踪分析，我们发现了自2019年以来一直活跃的一系列高级威胁行动。通过入侵委内瑞拉的各种军事机构，攻击者部署了后门，以不断监视和窃取最新军事机密。基于360命名APT组织的方式，我们将其命名为APT-C-43
47,El大砍刀,Machete (2),2014-08-20,Kaspersky,虚假博客网站鱼叉式网络钓鱼电子邮件,卡巴斯基安全研究人员目前发现了Machete APT行动，攻击者使用西班牙语。该行动发起与2010年，2012年有所升级，其功能包括：键盘记录，收集电脑音频，收集截图，收集地理位置，使用电脑摄像头拍照，拷贝文件等。目标国家包括委内瑞拉，厄瓜多尔，哥伦比亚，秘鲁，俄罗斯，西班牙等。目标行业包括军队，政府，大使馆，情报机构。攻击手法为钓鱼邮件和假博客网站。
48,Magecart Group 8分发新支付卡窃取程序,MageCart (5),2020-03-18,RiskIQ,暂无数据,RiskIQ确定Magecart Group 8在搅拌器制造商NutriBullet的国际网站上植入了JavaScript支付卡窃取程序。研究人员在2月20日发现该支付卡窃取程序，其可执行快速检查，以查看浏览器当前所在的页面是否看起来像付款页面，还定义了正确浏览数据所需的变量。程序代码很简单，顶部捕获字段值，并将所有数据放在一起。然后，窃取程序将这些数据转换成一个长文本字符串，该字符串将被加密，发送给攻击者拥有的服务器。该窃取程序最终于3月1日被移除。但在3月5日，攻击者在NutriBullet网站上又植入了一个新分离器，其针对另一个资源，即jQuery的子模块。在第二个支付卡窃取程序被移除后，攻击者于3月10日在该网站植入了第三个支付卡窃取程序，其附加在脚本顶部，但此时研究人员已将攻击者用于接收数据的域拆除。
49,Magecart Group 5与Carbanak组织关联分析,MageCart (5),2019-10-23,Malwarebytes LABS,恶意软件,"国外研究人员最近发现网络金融犯罪组织Magecart Group 5与Carbanak组织存在关联，该组使用的域(notifyaer.info)注册电子邮件地址guotang323@yahoo.com，与Dridex网络钓鱼活动有关的多个域关联，Dridex网络钓鱼活动是由Carbanak团体发起。并且注册信息中对应的电话号码+86.1066569215也与Carbanak组织关联(参考报告""Carbanak Gang Tied to Russian Security Firm?"")。"
50,Magecart针对商业路由器，试图使用旧sinkholed域来绕过检测,MageCart (5),2019-09-24,ibm,供应链攻击木马后门,最近，国外研究人员发现，Magecart Group 5组织正在测试恶意代码，该测试针对商业级7层(L7)路由器(通常用于机场、赌场和酒店等)，旨在注入恶意代码到其加载的合法JavaScript文件中。研究人员发现的一系列测试文件实现了逃避AV检测。并且试图使用一个DGA生成器，其中的域在2012年被分析过，并且大部分被sinkholed，攻击者可能已经研究过这些DGA域何时被sinkholed，以此来绕过检测。攻击者还将其支付卡窃取代码注入流行的JavaScript库Swiper中，通过供应链进行攻击。
51,Magecart组织利用Poker Tracker供应链，窃取扑克迷个人信息,MageCart (5),2019-08-20,Malwarebytes LABS,漏洞利用供应链攻击,研究人员最近揭露了Magecart团伙针对扑克迷的信息窃取活动，攻击者在Poker Tracker(一种面向扑克牌爱好者的软件套件)的网站注入定制化skimmer代码，一旦用户启动Poker Tracker，便会在应用程序中加载受感染的网页。攻击者在域名ajaxclick[.]com上托管了不同的skimmer文件，每个文件都是针对特定的受害者网站。为了避免安全研究人员的审查，攻击者实现了部分服务端代码，确保使用HTTP请求头传递唯一引用。
52,Magecart组织的攻击活动,MageCart (5),2019-07-18,Malwarebytes LABS,暂无数据,我们的威胁情报团队一直在监控参与窃取信用卡数据的一些威胁行为者的活动。通常在Magecart绰号下提到，这些团队使用简单的JavaScript代码（撇渣器）通常注入受损的e- 商业网站窃取他们购买时由不知情的购物者输入的数据。 在对一项运动进行调查的过程中，我们注意到演员采取了一些额外的预防措施以避免中断或罢工。 因此，我们决定深入了解其托管公司提供的防弹技术和服务。
53,操作量子纠缠,Moafee (1),2014-09-14,FireEye,钓鱼,"fireeye安全研究人员发现了两个黑客团伙。Moafee黑客组织驻扎在广东，主要针对争夺南海主权国家的政府，军队网站，也针对过美国国防工业基地。DragonOK黑客组织驻扎在江苏，主要针对台湾和日本的高科技和制造业。两个组织最初的方法都是通过zip或带密码保护的office附件的钓鱼邮件。尽管这两个组织的目标和任务看似不同,研究人员发现Moafee和DragonOK之间的关联为使用了相同的TTP,或许甚至有第三个攻击小组。"
54,MoneyTaker 近一年半的攻击活动,MoneyTaker (1),2017-12-20,Group-IB,后门木马鱼叉式钓鱼攻击漏洞利用水坑攻击,莫斯科的网络安全公司Group-IB于本周一发表了一份长达36页的报告，其间详细介绍了最新发现的一个名为“MoneyTaker”的黑客组织，该组织从2016年5月开始一直活跃至今。研究人员表示，在2016-2017年这过去18个月中，该黑客组织已经针对各种金融机构实施了多达20多起攻击活动——成功窃取了超过1100万美元的资金以及其他可用于进一步攻击的敏感文件。据悉，这些受到影响的金融机构和律师事务所主要分布在美国、英国以及俄罗斯。根据Group-IB安全公司介绍称，该黑客组织主要利用卡片处理系统（包括AWS CBR——俄罗斯银行同业系统，美国SWIFT国际银行信息服务系统）的漏洞针对金融机构发动一次又一次攻击活动。
55,Seedworm疑似使用PowGoop工具攻击多国组织,MuddyWater (16),2020-10-21,Symantec,暂无数据,赛门铁克研究人员披露与伊朗有关联的间谍组织Seedworm（又名MuddyWater）最近几个月非常活跃，针对伊拉克、土耳其、科威特、阿拉伯联合酋长国和乔治亚州的目标进行了攻击，具体包括政府实体、电信和计算机服务部门。Seedworm疑似使用最近被发现的PowGoop工具攻击多目标组织。研究人员在Seedworm攻击的同一台机器上，发现被部署了一个称为PowGoop的工具。并且近期数个受Seedworm攻击的组织也被部署了该工具。但是，目前研究人员仅能在PowGoop和Seedworm之间建立中等信任的关联关系。
56,与伊朗有联系的组织继续以中东地区的组织为目标,MuddyWater (16),2020-10-21,Symantec,恶意软件,黑客组织Seedworm（又名MuddyWater）在最近几个月一直非常活跃，攻击了很多目标，包括伊拉克，土耳其，科威特，阿拉伯联合酋长国和格鲁吉亚。除了政府实体，电信和计算机服务部门的组织也成为目标。 活动期间，攻击者执行凭证窃取活动，并使用称为Secure Sockets Funneling（SSF）和Chisel的开源工具来建立通往其自身基础结构的隧道，使攻击者可以配置本地和远程端口转发，以及将文件复制到受感染的计算机，进行横向移动。
57,Marco Ramilli发布针对伊朗APT组织的分析报告,MuddyWater (16),2020-01-15,marcoramilli,暂无数据,Marco Ramilli研究人员发布了针对伊朗APT组织的初步分析报告，其基于MITER ATT＆CK和Malpedia介绍了组织之间的相互关系。OilRig组织主要在中东开展活动，目标是该地区各行各业的组织，偶尔也会将目标锁定在中东以外的组织。OilRig也会进行供应链攻击。OilRig使用Mimikatz和laZagne等开源工具，Microsoft发行版或sysinternals上可用的常见sysadmin工具集。MuddyWater组织主要针对中东国家，同时也针对欧洲和北美国家。该组织的受害者主要是电信，政府（IT服务）和石油部门。目前只有Powerstats后门才被归因于该组织。APT33组织至少从2013年开始运营，目标是美国、沙特阿拉伯和韩国的多个行业的组织，其TTP非常接近MuddyWater。CopyKittens是至少从2013年就开始运作，目标国家包括以色列、沙特阿拉伯、土耳其、美国、约旦和德国，其使用CobaltStrike工具，在Windows和IOS上使用了代码签名。Cleaver组织，负责Cleaver行动，强有力的间接证据表明Cleaver与组织2889 (TG-2889)有关。
58,伊朗向美国发起的网络攻击历史活动汇总,MuddyWater (16),2020-01-09,paloalto,暂无数据,paloalt对来自伊朗的高级威胁做个详细的描述，报告APT组织，APT组织的攻击活动，TTP 战法对应的ATTCK 、详细的IOC 信息等
59,安全厂商披露MuddyWater的Summer Mirage活动,MuddyWater (16),2020-01-07,Prevailion,木马后门,Prevailion安全小组发现了疑似伊朗组织MuddyWater的攻击活动，并将该活动称为“Summer Mirage”，研究人员认为该活动是先前披露名为“ BlackWater”活动的延续。研究人员发现的两个恶意文档，第一份文档讨论了斯蒂芬·摩尔对美联储的任命，第二份文档讨论了开采和加工原油的公司。这两个文档都依赖于对其受害者进行社会工程以通过启用宏，执行恶意操作，感染目标工作站。一旦宏被启用，恶意代码将试图获取托管命令和控制节点上的PowerShell木马POWERSTATS 。该木马将进行凭证收集运动，并允许攻击者通过交互式命令与受感染主机进行交互。
60,疑似MuddyWater最新动向，利用虚假简历进行攻击,MuddyWater (16),2019-09-30,深信服,钓鱼攻击木马后门,深信服安全团队最近获取到MuddyWater组织的样本，该样本伪装成Doc格式的简历，里面嵌入了恶意宏代码，一旦目标打开文档并启用宏，宏代码将通过PowerShell调用伪装成PNG图片格式的Payload。Payload代码主要用于收集用户名、用户所在域名、进程相关信息，并发送给远程服务器。
61,MuddyWater使用的新武器MuddyC3分析,MuddyWater (16),2019-06-25,奇安信,鱼叉式网络钓鱼,MuddyWater被广泛认为是中东地区长期存在的APT集团。从2019年2月到4月，它对土耳其，伊朗，阿富汗，伊拉克，塔吉克斯坦和阿塞拜疆的政府，教育机构，金融，电信和国防公司发起了一系列鱼叉式网络钓鱼攻击。
62,新的MuddyWater活动被披露,MuddyWater (16),2019-06-10,TrendMicro,鱼叉式网络钓鱼C&C,我们发现了似乎佩戴MuddyWater徽章的新广告系列。对这些活动的分析揭示了新工具和有效载荷的使用，这表明着名的威胁行动者小组正在不断发展他们的计划。我们还发掘并详细介绍了我们对MuddyWater的其他调查结果，例如它与四种Android恶意软件变种的关联以及其使用虚假旗帜技术等等，在我们的报告中“ 揭露的新泥泞活动：威胁演员使用的多阶段后门，虚假旗帜 ，Android恶意软件等。”
63,关于Muddy Waters的APT攻击,MuddyWater (16),2019-04-10,Check Point,鱼叉式网络钓鱼,伊朗APT，MuddyWater，自2017年以来一直活跃。最近，一项针对白俄罗斯，土耳其和乌克兰的新活动已经出现，引起了Check Point研究人员的注意。
64,新的基于PowerShell的后门在土耳其发现，与MuddyWater工具惊人相似,MuddyWater (16),2018-11-30,TrendMicro,鱼叉式网络钓鱼,自2017年Malwarebytes最初报道他们对沙特阿拉伯政府进行精心的间谍攻击以来，该组织已经非常明显。在第一份报告之后，其他安全公司对它们进行了广泛的分析。通过这一切，我们只看到他们使用的工具，技术和程序（TTP）的微小变化。
65,黎巴嫩和阿曼的MuddyWater行动,MuddyWater (16),2018-11-28,Clearsky,鱼叉式网络钓鱼,MuddyWater是一名自2017年以来一直活跃的伊朗高调威胁演员。该集团以在中东的间谍活动而闻名。在过去一年中，我们看到该组织广泛针对各个领域的各种实体，包括政府，学院，加密货币，电信和石油部门。
66,MuddyWater 组织扩大攻击范围,MuddyWater (16),2018-10-10,Kaspersky,社工漏洞利用鱼叉攻击木马后门,MuddyWater 组织首次在2017年被检测到，它的目标主要是位于伊朗和沙特阿拉伯的政府目标。该组织的归属问题似乎较难，而且今年又出现了很多和该组织相关的新攻击。最近，该组织被指攻击约旦、土耳其、阿塞拜疆和巴基斯坦的政府机构、军事实体、电信机构和教育机构。其它受害者也位于马里、奥地利、俄罗斯、伊朗和巴林。这些攻击都受地域政治驱动，针对的是敏感人员和组织机构。 这些攻击使用新的鱼叉式钓鱼文档并依靠社工诱骗用户启用恶意宏。恶意文档中使用密码保护以阻止分析，当被启用时它执行经混淆的 VBA 代码。该宏 payload 用 Base64 编码，将三个文件释放到 “ProgramData” 文件夹中并在当前用户的 RUN 密钥（HKCU）中添加注册表项确保用户下次登录时执行。有时，宏不断释放恶意 payload/进程，而不会等待用户下一次登录。
67,火眼分析报告：伊朗威胁组织的攻击技术详解,MuddyWater (16),2018-03-13,FireEye,后门木马鱼叉式钓鱼攻击漏洞利用,"从2018年1月到3月，通过FireEye公司情报，我们观察到攻击者利用最新的代码执行和持久性技术，将基于宏的恶意文档传播给亚洲和中东的个人。 我们把这一活动归因于""TEMP.Zagros""，是一个伊朗关系行动者，自2017年5月起就一直活跃着。该行动者从事的是在中亚和西南地区的政府和防御实体进行大量的网络钓鱼攻击。网络钓鱼攻击电子邮件和附加的恶意宏文件通常都包含地缘政治主题。一旦被成功执行，恶意文档就会安装一个我们跟踪的POWERSTATS后门。在分析这些文件时，一个更有趣的观察是重用了最新的AppLocker旁路，以及用于间接代码执行的横向移动技术。横向移动技术中的IP地址被本地机器IP地址取代，以实现系统上的代码执行。"
68,MuddyWater针对中东和亚洲的新攻击行动,MuddyWater (16),2018-03-12,TrendMicro,后门木马鱼叉式钓鱼攻击漏洞利用,MuddyWater多以从事间谍活动为目的，受害者主要分布在巴基斯坦、沙特阿拉伯、阿联酋和伊拉克等国家。该组织自2017年11月被曝光以来，不但没有停止攻击，反而更加积极地改进攻击武器。据趋势团队分析，MuddyWater正利用Powershell作为后门程序发起新一轮网络攻击，主要攻击目标集中在政府、金融、能源、电信等行业用户。之前，与 MuddyWater 相关的攻击记录，发生在对沙特阿拉伯政府的攻击，以及与FIN7黑客集团相关的事件中。
69,快速介绍MuddyWater最近的活动,MuddyWater (16),2018-03-01,Security 0wnage(persion),网络钓鱼攻击,自从我上一篇 关于MuddyWater运营的博客文章以来，他们似乎一直在继续他们的活动，并且正如预期的那样开发/改变他们的一些策略和技巧。很明显，他们非常注重分层混淆和PowerShell的偏好。
70,MuddyWater（污水）分析报告：针对中东地区的APT攻击组织,MuddyWater (16),2017-11-14,paloalto,后门木马鱼叉式钓鱼攻击漏洞利用水坑攻击,本文主要讨论一个针对中东地区的APT攻击组织“MuddyWater”，该组织与2017年2月份和10月份发生在中东地区的一些有针对性的网络攻击有关联。Unit42将其命名为“MuddyWater”（污水），只因为这些有关联的攻击活动比较混乱，而且它们可能都是间谍活动，之前认为“某些活动可能与FIN7黑客组织有关”的推断很可能是错误的。
71,APT30后门新版本揭露，通过马来西亚政府议程主题邮件分发,Naikon (5),2020-06-19,ptsecurity,钓鱼攻击木马后门,国外研究人员最近检测到APT30的后门新样本，其中包括BACKSPACE和NETEAGLE后门。发现的一个恶意样本被写入Microsoft Office模板文件夹，使用了马来西亚政府会议议程主题。第二个样本放在启动文件夹下，文件在系统重新启动后运行，该样本是一个NETEAGLE后门。通过关联，研究人员发现了两个属于BACKSPACE家族的恶意软件，其中之一在2020年5月才从马来西亚上传到VirusTotal。除此之外，研究人员还发现了RHttpCtrl后门和RCtrl后门。RHttpCtrl后门从C2服务器下载文件，收集屏幕截图并上传到C2。RHttpCtrl后门获取磁盘信息、文件夹列表、文件内容、剪贴板，屏幕截图，注册表写入，还可以进行一些常规的文件操作。
72,Thrip：间谍组击中卫星，电信和国防公司,Naikon (5),2018-06-20,Symantec,网络间谍恶意软件,赛门铁克基于人工智能的目标攻击分析揭示了新的广泛的间谍活动。近年来网络间谍活动最重要的发展之一就是采用“ 离地生活 ”的群体数量“战术。这是我们使用操作系统功能或合法网络管理工具来破坏受害者网络的简写。
73,MsnMM活动,Naikon (5),2015-05-21,Kaspersky,鱼叉式钓鱼,在过去的五年中，Naikon APT对整个东南亚和中国南海的敏感目标进行了多次攻击。 与此同时，它还维持对缅甸，越南，新加坡，菲律宾，马来西亚和老挝进行深入攻击。 目标和受害者包括东盟政府机构和政府部门，投资企业，军事，执法和边境控制组织，大使馆，大学学院等。
74,Naikon APT一次追踪亚太地区的一个国家的地缘政治情报,Naikon (5),2015-05-14,Kaspersky,C&C钓鱼邮件,我们在最近的报告“The Chronicles of the Hellsing APT: the Empire Strikes Back”开头对Naikon APT组织进行了介绍，它经常被描述为“亚洲，特别中国南海附近地区最为活跃的APT之一”。Naikon会被提及是因为它在一起独特的事件中起到了重要的作用：Naikon攻击一个Hellsing相关组织，他们彼此间进行了大量的值得研究的对抗活动。
75,APT30和长期网络间谍活动的机制,Naikon (5),2015-04-01,FireEye,C&C后门社工手段,网络间谍组织自2015年起，使用相同的工具、战术、设施，在近十年的时间内对东南亚、印度等国，持续发动获取政府、商业、军方敏感信息的间谍活动。本文就APT30如何对目标划分优先级，及如何针对不同目标调整恶意工具进行着重分析。
76,Charming Kitten组织最新活动，针对伊朗学术研究外籍人士进行网络钓鱼,NewsBeef (4),2019-10-10,Clearsky,鱼叉式网络钓鱼社会工程学,国外研究人员发现Charming Kitten组织对从事伊朗学术研究的外籍专家进行钓鱼攻击，大多数的受害者位于美国、中东和法国。攻击者冒充知名的研究人员或记者，发送钓鱼邮件邀请目标参加其组织的活动，将受害者重定向到其钓鱼网站。研究人员发现模仿Google服务(如Gmail和Google Drive)和模仿Instagram官方网站的钓鱼网站，并且确定该组织使用了6个以上的独特的服务器托管其钓鱼网站，其中，四个仿冒实体作为第一阶段使用，而其他两个主机服务器模拟谷歌服务，推测被用于第二阶段的数据盗窃。
77,Charming Kitten组织攻击美国官员，利用多种鱼叉式钓鱼手法,NewsBeef (4),2019-10-10,Clearsky,鱼叉式网络钓鱼,"最近，伊朗APT组织Charming Kitten被发现试图攻击美国政府官员、政治记者等人物的电子邮件账户。该组织利用社交工程方法，模仿社交网站媒体，向受害者手机发送SMS消息传播鱼叉式钓鱼邮件。攻击者伪装成受害者熟人，发送包含谷歌站点的链接，诱导受害者下载位于熟人谷歌站点的文件，从而收集受害者的谷歌凭据。还通过向受害者发送短信进行钓鱼，该短信使用""Live Recover""的发送者ID，并包含一个关于陌生人的警告，提醒受害者该陌生人试图破坏其电子邮件，受害者必须通过一个附加的链接进行验证。攻击者还假装发现一名朝鲜攻击者试图侵入受害者的雅虎邮箱，发送消息提示受害者，被指控的入侵者IP地址被附加到消息中(该IP确实是朝鲜)，并要求受害者点击邮件中的按钮保护他们的帐户。除以上钓鱼手法，攻击者还通过模仿社交网络的安全团队，获取目标的身份验证因素。"
78,NewsBeef攻击活动分析,NewsBeef (4),2019-07-04,Kaspersky,鱼叉式钓鱼水坑攻击,NewsBeef APT之前参与了利用流行社交网络平台的长期精心设计的社交工程方案。之前对NewsBeef APT的分析表明，该集团专注于沙特阿拉伯（SA）和西方目标，缺乏先进的攻击性技术开发能力。
79,Charming Kitten：伊朗针对人权活动人士、学术研究人员和媒体转载的网络间谍行为—以及HBO黑客关联,NewsBeef (4),2017-12-08,Clearsky,后门木马鱼叉式钓鱼攻击漏洞利用水坑攻击,Charming Kitten是伊朗网络间谍组织，大约在2014年起开始活动。这份报告公开的是2016到2017年活跃的海量间谍机器。攻击者呈现的是冒充组织和个人群体、鱼叉和水坑攻击。本文将分析其利用、传送以及C2基础设施，并曝光DownPaper，一个由攻击者开发、至今未被存档的恶意软件。 本报告记录的事件仅为目标攻击事件的一小部分，波及数千人。我们公开了超过85个IP地址，240个恶意域名，数百个主机和多个虚假实体——其中大部分创建于2016-2017年。
80,Nitro APT组织没有发现新的入侵威胁指标,Nitro (1),2014-10-03,paloalto,C&C钓鱼攻击,"Palo Alto在今年7月中旬,发现一个合法的网站已经被用于恶意活动。在这个恶意活动中我们称这个组织为Nitro，在大多数情况下,恶意软件使用“Spindest”同时我们还发现“PCClient”和“Farfli”变种使用。Nitro通常使用钓鱼邮件进行恶意攻击活动。"
81,发布Kraken:无文件APT攻击滥用Windows错误报告服务,Ocean Lotus (24),2020-10-06,Malwarebytes LABS,鱼叉式网络钓鱼攻击,9月17日，我们发现了一种名为Kraken的新攻击，该攻击将其有效负载作为防御逃避机制注入了Windows错误报告（WER）服务。 当与操作系统，Windows功能或应用程序相关的错误发生时，通常会调用该报告服务WerFault.exe。当受害者看到他们的计算机上运行WerFault.exe时，他们可能认为发生了一些错误，而在这种情况下，他们实际上已成为攻击的目标。 尽管这项技术不是什么新技术，但这项运动很可能是APT小组的工作，该小组先前曾使用网络钓鱼攻击，诱使受害者提出工人赔偿要求。威胁行动者入侵了一个网站以托管其有效负载，然后使用CactusTorch框架执行无文件攻击，然后采用多种反分析技术。
82,越南国家背景APT组织“海莲花”近期攻击手法的变化,Ocean Lotus (24),2020-08-20,微步在线,诱饵文件,近期，微步情报局捕获到多个“海莲花”组织样本，从5月至7月份期间该组织针对越南地区的攻击手法来看，主要变化体现在投递的诱饵文件上面。涉及三种类型包括：白利用结合压缩包、（SFX）RAR自解压文件和携带宏代码的MIME格式文档。除诱饵类型的变化外，花指令、文件体积、ShellCode存放方式、外壳加载层数也存在变化。
83,【微步在线报告】越南国家背景APT组织“海莲花”近期攻击手法的变化,Ocean Lotus (24),2020-08-20,微步在线,钓鱼攻击木马后门,近期，国内厂商发现海莲花组织的多个恶意样本，主要变化体现在投递的诱饵文件上面。投递方式包括：攻击者将带数字签名的Office组件和恶意DLL打包成压缩包，并且白文件后缀名会携带较长的空格符号用于迷惑受害者；攻击者将带数字签名的iTunes组件、恶意DLL和加密ShellCode文件打包成SFX自解压程序；攻击者将携带宏代码的DOC文档保存成MIME格式投递。通过社会工程学诱导受害者点击执行，使用白利用方法绕过安全检测，最终加载的后门包括：CobaltStrike Beacon、DenesRAT等。
84,海莲花APT组织最新样本分析,Ocean Lotus (24),2020-06-17,Malwarebytes LABS,社会工程学鱼叉攻击木马后门水坑攻击,OceanLotus(海莲花)APT组织是一个长期针对中国及其他东亚、东南亚国家(地区)政府、科研机构、海运企业等领域进行攻击的APT组织，该组织也是针对中国境内的最活跃的APT组织之一，该组织主要通过鱼叉攻击和水坑攻击等方法，配合多种社会工程学手段进行渗透，向境内特定目标人群传播特种木马程序，秘密控制部分政府人员、外包商和行业专家的电脑系统，窃取系统中相关领域的机密资料，通过追踪它这些年的攻击手法和攻击目标，OceanLotus很有可能是具有国外政府支持背景的、高度组织化的、专业化的境外国家级黑客组织 初期的OceanLotus特种木马技术并不复杂，容易发现和查杀，2014年OceanLotus特种木马开始采用包括文件伪装、随机加密和自我销毁等一系列复杂的攻击技术与安全软件进行对抗，随后OceanLotus特种木马又开始转向云控技术，攻击的危险性、不确定性与木马识别查杀的难度都大大增强 OceanLotus(海莲花) APT组织擅长使用鱼叉攻击和水坑攻击，NSA武器库曝光后，还使用了永恒系列漏洞进行攻击，投递的攻击武器种类比较多，RTA包括：Denis、CobaltStrike、PHOREAL、salgorea、类gh0st、Ratsnif等。
85,APT32利用疫情信息针对武汉政府和中国应急管理部门的攻击活动,Ocean Lotus (24),2020-04-22,FireEye,鱼叉式网络钓鱼电子邮件,Fireeye Mandiant 威胁情报团队称，自2020年1月至今，疑似海莲花（APT32）组织对中国政府相关机构进行了入侵活动，攻击者将鱼叉式网络钓鱼邮件发送给了中国紧急情况管理部以及武汉市政府，Mandiant 认为此攻击活动是为了收集COVID-19相关的情报信息。 第一起已知的攻击活动发生在2020年1月6日，攻击者将主题为“办公设备招标第一季度结果报告”的电子邮件发送给中国紧急情况管理部门，并在邮件中插入探针，一旦受害者打开邮件，该探针将向远程发送受害者的电子邮件地址。 Mandiant 还发现海莲花以COVID-19为诱饵针对中国，该诱饵文档名为“COVID-19实时更新：中国目前正在追踪所有来自湖北省的旅行者”，该诱饵文档打开后将在受害者计算机中执行shellcode以收集计算机名，用户名。最终将加载METALJACK有效载荷从而控制受害者计算机。
86,近期使用新冠疫情（COVID-19）为诱饵的APT攻击活动汇总,Ocean Lotus (24),2020-03-28,腾讯,"恶意脚本木马后门,勒索软件钓鱼邮件",目前，由新型冠状病毒引起的肺炎疫情（COVID-19）在全球蔓延，已有190个国家存在确诊病例，全球确诊人数已经超过43万人，死亡病例超过1.9万。中国大陆已基本控制住疫情，但在意大利、西班牙、美国等发达国家疫情仍处于爆发期，世界卫生组织已将疫情的全球风险级别确定为“非常高”。 而随着新冠病毒疫情（COVID-19）在全球蔓延，以此为主题的网络攻击事件骤然增长。其中中国大陆、意大利、韩国等国家成为黑客网络攻击的高风险地区。腾讯安全威胁情报中心自疫情爆发后，已检测到多起以新冠病毒疫情为主题的攻击活动。 攻击者大多以投递邮件的方式，构造诱饵文件欺骗用户点击，恶意文件类型多种多样，覆盖EXE、MS Office宏文档、漏洞文档、lnk文件、VBS脚本等。而攻击的背景也包括具有国家背景的专业APT组织和普通黑产组织。本文对近期发现的以新冠病毒疫情为诱饵的攻击活动加以汇总，供大家参考。在此提醒广大政企单位和个人用户，在做好疫情防控的同时，也要做好网络安全的防护工作。
87,COVID-19 新冠病毒笼罩下的全球疫情相关网络攻击分析报告,Ocean Lotus (24),2020-03-26,奇安信,"远控木马木马后门,勒索软件",自今年年初新冠病毒在国内全面爆发，奇安信威胁情报中心便立刻意识到在这样的非常时期，网络攻击者绝不会自我“隔离”。保障关键业务系统的安全稳定运行及信息安全、重要网站的正常运转和内容不被篡改、防范和阻断利用疫情相关热点的APT、黑产等网络攻击，是另一个当务之急。 在春节期间，奇安信红雨滴团队和奇安信CERT便建立了围绕疫情相关网络攻击活动的监控流程，以希冀在第一时间阻断相关攻击，并发布相关攻击预警。 截至目前，奇安信红雨滴团队捕获了数十个APT团伙利用疫情相关信息针对境内外进行网络攻击活动的案例，捕获了数百起黑产组织传播勒索病毒、远控木马等多类型恶意代码的攻击活动。并通过基于奇安信威胁情报中心威胁情报数据的全线产品阻断了数千次攻击。相关详细信息均及时上报国家和地方相关主管部门，为加强政企客户和公众防范意识，也将其中部分信息摘要发布。 在本报告中，我们将结合公开威胁情报来源和奇安信内部数据，针对疫情期间利用相关信息进行的网络攻击活动进行分析，主要针对疫情相关网络攻击态势、APT高级威胁活动、网络犯罪攻击活动，以及相关的攻击手法进行详细分析和总结。
88,越南国家背景APT组织“海莲花”利用疫情话题攻击我国政府机构,Ocean Lotus (24),2020-03-16,微步在线,木马,近期，微步情报局捕获“海莲花”利用疫情话题针对我国发起攻击活动的样本文件。 攻击者以“湖南省家禽H5N1亚型高致病性禽流感疫情情况”、“冠状病毒实时更新：中国正在追踪来自湖北的旅行者”等时事热点为诱饵进行鱼叉攻击，攻击活动或发生于今年2月。利用带数字签名的WPS文件，通过社会工程学诱导受害者点击执行，运行以后会通过侧加载方式装载恶意DLL，释放诱饵文档并且在内存中加载DenesRAT木马。DenesRAT木马具备文件操作、注册表读写、设置环境变量和远程执行代码等功能的后门，该后门被插入大量花指令用于对抗分析。
89,黑客组织海莲花攻击宝马汽车集团，窃取商业机密,Ocean Lotus (24),2019-12-06,360,暂无数据,"根据国外新闻报道，黑客组织海莲花攻击了慕尼黑宝马汽车公司（始于2019年春季）的计算机网络和韩国现代汽车网络。6月份时，宝马公司将有关计算机进行了脱网处理。黑客通过创建一个仿冒泰国宝马分公司网站来进行钓鱼，从而窃取目标信息。分析发现黑客组织应是从BR Recherche攻击了计算机攻击者，然后安装Cobalt Strike来进行攻击。自2018年底以来，汽车工业也逐步成海莲花组织的关注焦点。不止于宝马，丰田汽车公司也曾惨遭""海莲花""毒手。通过进一步发现，2019年6月越南企业集团Vingroup开设了第一家生产汽车的工厂。而有资料显示，在越南开始制造汽车时，该组织就开始将攻击目标聚焦于汽车制造商。"
90,“海莲花”(OceanLotus)2019年针对中国攻击活动汇总,Ocean Lotus (24),2019-12-05,腾讯,暂无数据,整个2019年，该组织持续对多个目标不断的进行攻击，使用的鱼叉攻击邮件主题非常本土化，如使用网易邮箱，贴近时事热点等。新增诱饵类型：伪装为word图标的可执行文件、chm文件等。不断更新对抗方式：使用多重载荷攻击、定制化第二阶段后门，C2拼接，自增文件大小等。利用的定制化恶意软件为：CobaltStrike的beacon木马、Denis家族木马、修改版的Gh0st。
91,疑似海莲花又有新活动，攻击目标似为国内大型企业,Ocean Lotus (24),2019-11-13,安恒,暂无数据,近期安全研究院猎影威胁分析团队在文件威胁分析平台上监控发现疑似海莲花组织又有新的活动出现，其攻击目标似为国内大型企业。
92,来自OceanLotus的新网络害虫,Ocean Lotus (24),2019-07-01,THREATVECTOR,C&C,OceanLotus Group（又名APT32，CobaltKitty）正在使用一套名为“Ratsnif”的远程访问木马来利用新的网络攻击功能。Blackberry Cylance威胁研究人员分析了Ratsnif特洛伊木马，它提供了一种名副其实的瑞士军刀网络攻击技术。自2016年以来积极开发的特洛伊木马程序结合了数据包嗅探，网关/设备ARP中毒，DNS中毒，HTTP注入和MAC欺骗等功能。
93,OceanLotus利用新方法针对越南环境集团,Ocean Lotus (24),2019-06-20,奇安信,C&C,据称，APT集团OceanLotus拥有越南背景，于2015年5月首次曝光并由SkyEye Labs（QiAnXin威胁情报中心RedDrip团队的前身）命名。其攻击活动可以追溯到2012年4月。目标包括中国海事机构，海事建设，科研院所和航运企业。他们的目标后来扩展到几乎所有重要组织，相关活动现在仍然活跃。
94,海莲花团伙对中南半岛国家攻击活动的总结：目标、手法及技术演进,Ocean Lotus (24),2019-05-08,奇安信,网络钓鱼,OceanLotus是一家拥有越南背景的APT集团。该团队于2015年5月首次由SkyEye团队发布并命名。其攻击活动可以追溯到2012年4月。目标包括中国的海事机构，海事建筑，科研机构和航运企业。
95,OceanLotus隐写术,Ocean Lotus (24),2019-04-02,BlackBerry Cylance,木马后门,BlackBerry Cylance最近在我们对OceanLotus（APT32）小组的持续监控期间发现了一种新颖的恶意软件有效载荷装载器。加载程序使用隐写术来读取隐藏在.png图像文件中的加密有效负载。
96,跟踪OceanLotus的新下载程序KerrDown,Ocean Lotus (24),2019-02-01,paloalto,钓鱼攻击,OceanLotus (也叫做APT32)，其主要攻击目标是东南亚。过去几年发生的多起攻击活动都与APT 32有关，虽然APT 32的攻击活动是全球性的，但其主要活动在APAC区域，主要攻击目标包括多个行业、外国政府、与越南相关的活动家和持不同政见者。本文介绍OceanLotus从2018年初开始使用的定制的下载器恶意软件KerrDown。研究人员在分析过程中还使用了Jaccard index（Jaccard相似系数）算法来找出KerrDown恶意软件家族与数据库中其他恶意软件家族的相似性。研究人员一共发现两种传播 KerrDown下载器的方法。第一个是使用含有恶意宏的office文档，第二个方法是使用含有DLL侧加载的合法程序的RAR文件。
97,OceanLotus组织使用的恶意程序分析报告,Ocean Lotus (24),2018-10-17,BlackBerry,漏洞利用鱼叉攻击木马后门水坑攻击,威胁研究人员发现了几个由Oceanlotus Group（APT32，Cobalt Kitty）部署的定制后门，以及使用CobaltStrike Beacon后门攻击的证据。攻击者通常在环境中利用PowerShell，使用程序下载/部署恶意软件，以及来自各种漏洞工具包（包括MSFvenom、Veil和Dkmc）的PE/Shellcode加载，大部分恶意软件都是在内存中运行，不需要磁盘占用。
98,,Ocean Lotus (24),2018-04-27,腾讯,后门木马鱼叉式钓鱼攻击漏洞利用,海莲花（OceanLotus）也叫APT32或APT-C-00，是一个长期针对中国及其他东亚国家（地区）政府、科研机构、海运企业等领域进行攻击的APT组织。
99,OceanLotus组织新的Macos后门分析,Ocean Lotus (24),2018-04-04,TrendMicro,后门木马鱼叉式钓鱼攻击漏洞利用,我们确定了一个MacOS后门（趋势科技检测为OSX_OCEANLOTUS.D），我们认为它是OceanLotus（又名APT 32，APT-C-00，SeaLotus和Cobalt Kitty）使用的威胁的最新版本.OceanLotus负责 针对人权组织，媒体组织，研究机构和海事建筑公司发起有针对性的攻击.OSX_OCEANLOTUS.D背后的攻击者瞄准安装了Perl编程语言的MacOS计算机。
100,OceanLotus APT （海莲花）在近期攻击中使用了新后门,Ocean Lotus (24),2018-03-14,ESET,后门木马鱼叉式钓鱼攻击漏洞利用,ESET 发布分析报告称 OceanLotus APT 组织在其最近的攻击活动中使用了新的后门，旨在获得远程访问以及对受感染系统的完全控制权。目前 OceanLotus 会在其攻击活动中不断更新工具集，这显示了该组织通过选择目标保持隐藏的意图。此外，OceanLotus 也限制其恶意软件的分发以及使用多个不同的服务器来避免将注意力吸引到单个域名或 IP 地址。
101,海莲花（OceanLotus）大规模数字监视和攻击，主张东盟，亚洲国家，媒体，人权组织和民间社会,Ocean Lotus (24),2017-11-06,Volexity,后门木马鱼叉式钓鱼攻击漏洞利用水坑攻击,2017年11月6日，国外安全公司Volexity发布了一篇关于疑似海莲花APT团伙新活动的报告，该报告指出攻击团伙攻击了与政府、军事、人权、媒体和国家石油勘探等有关的个人和组织的100多个网站。通过针对性的JavaScript脚本进行信息收集，修改网页视图，配合社会工程学诱导受害人点击安装恶意软件或者登陆钓鱼页面，以进行下一步的攻击渗透。
102,海莲花组织针对亚洲某公司的APT攻击—Cobalt Kitty 行动分析,Ocean Lotus (24),2017-05-24,cybereason,社会工程学钓鱼邮件,本文是针对一次被称为 Operation Cobalt Kitty的APT攻击的报告内容精华版，该APT攻击的目标是针对亚洲一家全球性公司来窃取他们的重要商业信息。攻击者以钓鱼攻击作为初始渗透载体，以公司的顶级管理为目标，最终入侵了副总裁电脑，当然还有很多高级主管和运营部门的其他关键人员。在Operation Cobalt Kitty攻击过程中，攻击者破坏了超过40台PC和服务器，包括域控制器，文件服务器，Web应用服务器和数据库服务器。
103,网络间谍活动依然活跃:APT32和对全球企业的威胁,Ocean Lotus (24),2017-05-14,FireEye,社会工程学钓鱼邮件,APT32组织（海莲花组织，OceanLotus Group）正在对横跨多个行业的企业展开入侵活动，同时他们也将外国政府、政客人士以及记者当作攻击目标。FireEye经过分析研究，认为APT32在攻击活动中使用了一个独特的全功能版的恶意软件工具集以及公开的商业工具，所涉及的网络攻击活动都与越南的国家利益相符合。
104,OceanLotus（APT-C-00）数字海洋的游猎者持续3年的网络空间威胁,Ocean Lotus (24),2015-05-29,SkyEye,鱼叉攻击水坑攻击,2012年4月起至今，某境外黑客组织对中国政府、科研院所、海事机构、海域建设 、航运企业等相关重要领域展开了有组织、有计划、有针对性的长时间不间断攻击。该组织主要通过鱼叉攻击和水坑攻击等方法，配合多种社会工程学手段进行渗透，向境内特定目标人群传播特种木马程序，秘密控制部分政府人员、外包商和行业专家的电脑系统，窃取系统中相关领域的机密。 根据该组织的某些攻击特点，我们将其命名为OceanLotus。
105,Oilrig组织中东地区最新攻击活动的关联分析,OilRig (15),2020-09-02,360,木马后门,近日360发现伊朗APT组织的最新攻击活动样本。其中一类样本是Cobalt Strike生成的loader加载器与Beacon后门。加载器通过管道传输数据读写，内部隐藏着加密后的beacon.dll内存反射后门，通过异或解密后，直接在内存中创建线程执行。Beacon内部存储了C&amp;C、端口、通信方式等配置信息。该组织在2020年对中东电信组织的攻击活动中使用的RDAT是以加密后的硬编码地址作为C&amp;C。与历史攻击活动中的样本不同，此次攻击RDAT仅使用DNS通信，数据传输方式为，其中的数据使用AES加密生成。通过关联发现，发现样本的C2地址大部分出现在伊朗APT组织OilRig和GreenBug过去的攻击活动中。
106,Karkoff 2020：一项新的APT34间谍活动涉及黎巴嫩政府,OilRig (15),2020-03-02,YOROI,恶意软件,Cybaze/ Yoroi Zlab的专家发现了APT34组织的一个新样本，分析发现该活动使用新版本Karkoff植入工具针对黎巴嫩政府。新版本Karkoff与旧版本具有相似的宏结构和类似逻辑的.NET模块化植入工具，且都利用Microsoft Exchange Server作为通信渠道，专家表示APT34可能入侵了属于黎巴嫩政府实体的Microsoft Exchange Server。此外，新版本Karkoff实现了新的侦察逻辑，以便仅将最终的有效载荷分配到特定目标，收集系统信息、域名、主机名和正在运行的操作系统。
107,Marco Ramilli发布针对伊朗APT组织的分析报告,OilRig (15),2020-01-15,marcoramilli,暂无数据,Marco Ramilli研究人员发布了针对伊朗APT组织的初步分析报告，其基于MITER ATT＆CK和Malpedia介绍了组织之间的相互关系。OilRig组织主要在中东开展活动，目标是该地区各行各业的组织，偶尔也会将目标锁定在中东以外的组织。OilRig也会进行供应链攻击。OilRig使用Mimikatz和laZagne等开源工具，Microsoft发行版或sysinternals上可用的常见sysadmin工具集。MuddyWater组织主要针对中东国家，同时也针对欧洲和北美国家。该组织的受害者主要是电信，政府（IT服务）和石油部门。目前只有Powerstats后门才被归因于该组织。APT33组织至少从2013年开始运营，目标是美国、沙特阿拉伯和韩国的多个行业的组织，其TTP非常接近MuddyWater。CopyKittens是至少从2013年就开始运作，目标国家包括以色列、沙特阿拉伯、土耳其、美国、约旦和德国，其使用CobaltStrike工具，在Windows和IOS上使用了代码签名。Cleaver组织，负责Cleaver行动，强有力的间接证据表明Cleaver与组织2889 (TG-2889)有关。
108,伊朗向美国发起的网络攻击历史活动汇总,OilRig (15),2020-01-09,paloalto,暂无数据,paloalt对来自伊朗的高级威胁做个详细的描述，报告APT组织，APT组织的攻击活动，TTP 战法对应的ATTCK 、详细的IOC 信息等
109,APT34利用PowDesk攻击LANDesk用户,OilRig (15),2020-01-09,Clearsky,暂无数据,Clearsky研究人员发现一种简单的新PowerShell恶意软件PowDesk针对LANDesk用户，研究人员将该恶意软件PowDesk归属于伊朗APT组织APT34（又称为OilRig、HelixKitten）。研究人员怀疑APT34针对安装了由美国IT公司Ivanti生产的LANDesk管理代理的组织。PowDesk兼容32位和64位系统，并通过存储在C&amp;C服务器上的PHP页面窃取受感染计算机的名称，与之前APT34使用的QUADAGENT恶意软件存在相似之处。在分析恶意软件的行为之后，研究人员评估攻击者已经创建了一个目标公司的IP地址的白名单。
110,APT34定制后门样本Poison Frog，伪装成Cisco AnyConnect,OilRig (15),2019-12-17,Kaspersky,暂无数据,研究人员发现了APT34的定制后门样本Poison Frog，样本包含了DNS和HTTP后门两部分（base64编码），通过系统计划任务实现持久驻留。其中的Poison Frog HTTP后门是一段只有59行的PowerShell脚本，功能简单：向C2发送受害机器的UID，根据C2返回值确定如何操纵某个特定文件。DNS后门部分则是通过335行代码，实现在系统上执行命令以及将文件保存到系统。恶意软件伪装成合法的Cisco AnyConnect应用程序，但在现实实现中有一些错误。例如，每次点击程序时会弹出窗口（合法程序不会）。研究者还发现攻击者一些草率的错误，如，输入错误，编译日期晚于被发现日期。
111,伊朗黑客攻击组织利用ZeroCleare，攻击中东能源和工业部门,OilRig (15),2019-12-05,threatpost,暂无数据,研究人员称，ZeroCleare很可能是总部位于伊朗的APT34(又称OilRig或ITG13)的杰作。根据IBM的X-Force事件响应和情报服务（IRIS），ZeroCleare参与了最近发现的对石油和天然气公司的APT攻击，其中包括 Windows计算机通过易受攻击的驱动程序。尽管IRIS的一位发言人表明，受影响组织的确切数目尚不清楚，但至少有1400台主机受到ZeroCleare的影响。
112,xHunt活动使用新CASHY200后门，利用DNS隧道与C2通信,OilRig (15),2019-10-12,paloalto,木马后门,xHunt活动是针对科威特组织的网络攻击活动，最近，研究人员发现了该活动使用新的基于PowerShell的后门CASHY200，后门与windows64x[.]com进行通信，该域名与先前的xHunt活动关联。2018年5月1日和6月3日，研究人员首次发现安装和执行CASHY200 早期PowerShell脚本的可执行文件，被用来对付科威特政府，该文件与firewallsupports[.]com通信。后门依赖于DNS A查询，将数据从木马发送到查询域子域内的C2服务器，并从C2服务器接收IPv4应答数据。攻击者使用特定的DNS查询结构来发送请求，如下：&lt;5个随机字符&gt; .windows64x [.] com。请求类型代表查询目的，主机名是专门为感染系统创建的硬编码到木马中的唯一字符串。
113,xHunt活动针对科威特船运组织，使用电子邮件草稿进行通信,OilRig (15),2019-09-23,paloalto,漏洞攻击木马后门,2019年5月至6月，国外安全公司观察到针对科威特船运组织的未知工具。攻击者使用了名为Sakabota，Histoka，Netero和Killua的后门工具。这些工具使用HTTP、DNS隧道、和电子邮件与C2进行通信，其中通过电子邮件通信利用了Exchange Web服务，攻击者和恶意后门将使用同一合法账户，创建电子邮件草稿交换数据。除此之外，攻击者还使用了称为Gon和EYE的工具，当攻击者通过RDP登录到系统时，会使用EYE工具作为保护，如果合法用户登录，EYE将杀死攻击者创建的所有进行和删除其他标识。研究人员发现Sakabota和Histoka活动与OilRig组织的基础设施存在重叠。
114,Hard Pass:APT34拒绝加入他们的专业网络,OilRig (15),2019-07-18,FireEye,鱼叉式钓鱼攻击漏洞攻击木马后门,APT34 伊朗的APT组织，伪装剑桥大学发送钓鱼邮件，针对政府、能源、公共行业等目标。使用特马：TONEDEAF，使用HTTP或DNS与命令和控制服务器通信。
115,OilRig组织数据转储技术分析,OilRig (15),2019-04-30,paloalto,暂无数据,最近，声称为OilRig活动有关的数据转储被公布，Unit 42研究人员发现数据转储中包含的组件确实与已知的OilRigOilRig策略、技术和程序（TTP）一致。数据转储包括与OilRig组织相关联的两个后门BONDUPDATER以及Glimpse工具，Glimpse工具与研究人员在2018年9月发布的报告中发现的更新的BONDUPDATER工具有关。数据转储中的第二个后门名为Poison Frog，疑似用于中东目标攻击的BONDUPDATER的变种。转储中包含的三个webshell，分别名HyperShell、HighShell和Minion。Minion很可能是基于代码、文件名和功能重叠的HighShell变种。HyperShell和HighShell是TwoFace的变种，其中HyperShell与TwoFace加载器相关，而HighShell与TwoFace有效载荷相关。数据转储中还包括一个名为webmask的工具，该工具是专门用于执行DNS劫持的脚本。
116,OilRig继续攻击中东政府，并为OopsIE木马新增规避技术,OilRig (15),2018-09-04,paloalto,漏洞攻击鱼叉攻击木马后门,伊朗黑客组织OilRig仍在继续使用他们所常用的工具和战术，针对中东地区的政府实体发动持续不断的攻击。 正如在最近几起攻击中所观察到的那样，该组织目前所使用的工具并非是其常用工具的完全复制品，而是更新升级后的新变种。例如，在最新发现的一起攻击中，钓鱼电子邮件的附件就包含了一个OopsIE木马（于2018年2月被Unit 42发现）的变种。 与之前的版本相比，虽然说这个新的OopsIE木马变种在通用功能方面基本上没有太多的变化，但增加了反分析和反虚拟机功能，能够进一步规避自动防御系统的检测。
117,OilRig在中东的目标上使用RGDoor IIS Backdoor,OilRig (15),2018-01-25,paloalto,木马后门,在调查上传到TwoFace webshell的文件时，Unit 42发现安装了一个我们称之为RGDoor的Internet信息服务（IIS）后门的角色。我们的数据表明，演员已经在属于八个中东政府组织的网络服务器以及一个金融和一个教育机构中部署了RGDoor后门。
118,APT34利用CVE-2017-11882针对中东攻击样本分析,OilRig (15),2017-12-07,FireEye,后门木马鱼叉式钓鱼攻击漏洞利用水坑攻击,在2017年11月14日，微软官方发布了CVE-2017-11882漏洞的补丁，不到一周后，Fireye发现了一名利用Office漏洞攻击中东政府组织的攻击者。我们认为此次攻击活动是由一个疑似在伊朗从事网络间谍活动的黑客组织发起的，我们称之为APT34。他们通过使用自己编写的PowerShell后门实现这次攻击。
119,OilRig使用ISMDoor变形，可能与Greenbug组织有关,OilRig (15),2017-07-27,paloalto,后门木马漏洞利用,OilRig使用ISMDoor变形木马，可能与Greenbug组织有关。早在2017年1月，赛门铁克就首次报道了这一组织，详细介绍了他们的操作，并使用了一个名为ismdoor的自定义信息窃取木马。本文详细介绍了两者的分析结果和关系。
120,赛门铁克披露APT组织Orangeworm：攻击欧美亚地区的医疗行业,Orangeworm (1),2018-04-23,Symantec,后门木马,赛门铁克追踪到一个名为 Orangeworm 的 APT 组织，它针对位于美国、欧洲和亚洲国家的医疗组织机构发动攻击，不过这些攻击貌似并非出自国家黑客之手。赛门铁克公司发布报告称，Orangeworm 首次现身于2015年1月，主要攻击的是医疗行业的组织机构，占被攻击目标的近40%；其它遭攻击的行业在某种程度上也和医疗行业有关，如 IT (15%)、制造业 (15%)、物流 (8%) 和农业 (8%)。具体来讲，其它行业的受害者包括医疗设备厂商、向诊所提供服务的 IT 公司以及交付医疗产品的物流公司。研究人员表示，医疗行业以外的公司也在供应链攻击之列，最终目标是获得访问目标实体系统的权限。
121,APT组织摩诃草近期针对周边国家和地区的攻击活动分析,Patchwork (9),2020-07-13,奇安信,钓鱼攻击木马后门水坑攻击,奇安信发现多个摩诃草组织近期针对周边国家和地区的定向攻击样本。在此次样本中，摩诃草组织采用了多种利用方式：例如伪装成南亚地区某国的网络安全协议的CVE-2017-0261漏洞利用文档，伪装成疫情防范指导指南的宏利用样本等。同时还捕获一例疑似水坑攻击样本，其攻陷了巴基斯坦某证券交易网站，并在网站中放置了一个伪装成java运行环境安装程序的恶意可执行文件。最终执行的后门是摩诃草组织常用的FakeJLI后门。该后门加载执行后，首先通过创建互斥量保证只有一个实例运行，然后收集受害者计算机电脑名、操作系统版本等信息。除此之外，还发现了疑似是Bozok RAT的dll文件，其加载执行后，将从资源中获取配置信息，包括互斥量、c2、解密插件密钥等。
122,摩诃草团伙利用公用平台分发C2配置攻击活动揭露,Patchwork (9),2019-08-26,奇安信,漏洞攻击网络钓鱼,近期，奇安信威胁情报中心红雨滴团队利用公开情报发现一个摩诃草团伙的XLSM诱饵文档样本，经过分析发现其载荷主要通过 Github 和 Feed43获取加密的 C&amp;C 配置。通过关联分析我们找到了更多被摩诃草利用的 Github 地址，最早可以追溯到2018年7月，并且截至报告完成时，相关账号依然在使用。 本文主要对Github上配置文件的解密算法分析和通过解密的数据总结出攻击者的一些活动特征。
123,针对独联体国家的APT攻击,Patchwork (9),2018-07-26,Accenture,漏洞攻击鱼叉攻击木马后门,自2017年2月起至2018年5月止，安全供应商报告了一系列涉及CANDLEFISH攻击组织使用名为socksbot的恶意软件家族的网络攻击，其主要目标是独立国家联合体（独联体）国家。本文主要对本次战役中观察到的战术、技术和程序（TTP）进行分析。
124,Patchwork APT集团瞄准美国智囊团,Patchwork (9),2018-06-07,Volexity,鱼叉式网络钓鱼,从Volexity观察到的攻击中，最值得注意的是Patchwork已经转向其目标并直接针对美国智囊团发起攻击。Volexity还发现，除了发送恶意软件诱惑之外，Patchwork威胁参与者还利用其电子邮件中的唯一跟踪链接来识别哪些收件人打开了他们的电子邮件。
125,Patchwork继续向印度次大陆提供BADNEWS,Patchwork (9),2018-03-07,paloalto,恶意软件,自2017年12月上次公开报告以来，这些恶意文件最终提供的BADNEWS恶意软件负载已经更新.BADNEWS充当攻击者的后门，为他们提供对受害者计算机的完全控制。它历来利用合法的第三方网站来托管恶意软件的命令和控制（C2）信息，充当“死机”。收集C2信息后，BADNEWS利用HTTP与远程服务器进行通信。
126,解密Patchwork间谍组织手段,Patchwork (9),2017-12-11,TrendMicro,后门木马鱼叉式钓鱼攻击漏洞利用供应链攻击水坑攻击,Patchwork又被称为Dropping Elephant，该组织以中国相关主题作为诱饵，比如中国南海问题，进而对目标的网络进行攻击。
127,Patchwork的暴露,Patchwork (9),2017-09-19,Cymmetria,鱼叉式钓鱼攻击,Patchwork APT自2015年12月被监测到之后，目前已经感染了大约2500台电脑，虽有迹象表明其最早活动可追溯至2014年，但Cymmetria并未第一时间发现。 Patchwork APT针对的目标是军事和政治机构，特别是那些与东南亚和南海问题相关的工作机构雇员，目标多是政府或与政府有间接联系的机构。Patchwork通过利用CVE-2014-4114漏洞及互联网上披露的攻击方法技术来对受害者进行鱼叉式钓鱼邮件攻击，攻击成功后Patchwork APT通过搜索文档并上传至其C&C服务器，如果目标主机非常有价值，Patchwork APT还会进一步安装第二阶段渗透工具。
128,Patchwork间谍组织集团将目标从政府扩展到广泛的行业,Patchwork (9),2016-07-25,Symantec,水坑攻击鱼叉邮件,赛门铁克发现Patchwork攻击团伙目前将目标瞄准美国、中国、日本、东南亚和英国的各个行业，该团伙将中国主题的内容作为诱饵，利用CVE-2012-0158及CVE-2015-1641漏洞制作后门程序以对目标网络进行入侵。最近发现Patchwork团队攻击了航空业、广播业、能源业、金融业、非政府机构、制药业、公共行业、出版业、软件业。最近，卡巴斯基和Cymmetria这两家安全软件公司均发布了有关此攻击活动的报告，报告内容与我们的观察结果大致相符。
129,堕落的大象,Patchwork (9),2016-07-08,Kaspersky,水坑攻击鱼叉邮件,卡巴斯基安全研究团队检测发现2015年11月到2016年6月有疑似来自印度的攻击组织（Dropping Elephant）通过鱼叉式钓鱼邮件及水坑攻击手法，主要攻击亚洲地区中国政府、国际事务的外交机构。通过相关漏洞：CVE-2012-0158、CVE-2014-6352、CVE-2014-4114 Office 相关软件漏洞进行鱼叉式钓鱼邮件攻击，通过其他网站下载新闻，引诱受害者下载恶意文件进行水坑攻击。
130,老虎之眼,Pitty Tiger (1),2014-11-07,Cyber Security Airbusds,远控木马,Cyber Security Airbusds 发现以中国香港、台湾为主要C&C服务器基础设施的组织长期对欧洲某些国防、电信、软件开发公司设施APT攻击，Cyber Security Airbusds 称之为Pitty Tiger，该组织主要使用钓鱼邮件攻击投递恶意office 文件，并最终下载多个恶意的C&C 如：CT RAT，MM RAT，Paladin RAT，Gh0st RAT。并最终溯源到攻击者可能在中国内地，并发现了攻击者常用的网络ID等信息。
131,APT组织Platinum仍然活跃，更新两种后门工具,Platinum (3),2019-11-11,Kaspersky,暂无数据,卡巴斯基实验室人员发布分析报告称2018年7月针对东南亚国家，外交、政府和军事实体的攻击活动EasternRoppels可能与APT组织Platinum有关。其攻击工具的特点是多阶段执行，利用新的隐写术来隐藏通信过程。这次更新的TTPs是Steganography后门和在它基础上改进的P2P后门。
132,Platinum组织最新攻击活动，使用新无文件后门Titanium,Platinum (3),2019-11-11,Kaspersky,暂无数据,由微软追踪到的高级持续威胁组织Platinum正在使用一种名为Titanium的新型木马后门恶意软件来渗透并控制目标系统。Titanium的与众不同之处在于它使用了各种隐藏方法，将其伪装成安全解决方案、声音驱动程序或DVD视频创作工具。至少从2009年起，Platinum(也被卡巴斯基跟踪为TwoForOne)就一直活跃在亚太地区，目标是政府机构、国防机构、情报机构、外交机构、政府机构。该活动的主要目标位于南亚和东南亚。根据卡巴斯基的研究团队所言，Platinum使用本地内部网站传递恶意负载，或者通过未知的方法将shell代码注入到系统进程中。Shellcode通过从命令和控制服务器下载加密的有效载荷，对其解密并在感染链中启动下一个有效载荷，从而在目标机器上获得最初的立足点。恶意负载使用Windows后台智能传输服务(BITS)服务下载所需的文件，并利用合法的cURL工具与C2服务器通信。Titanium有效负载将被加载到内存中并启动，该负载通过Windows API调用和循环进行混淆，以绕过检测，接收到的C2命令隐藏在PNG文件中。由于使用了加密和无文件技术，无法将文件系统中的任何文件检测为恶意文件。
133,PLATINUM：针对南亚与东南亚进行攻击的黑客组织,Platinum (3),2016-04-26,MicroSoft,暂无数据,微软近来开始主动监控最新出现的威胁趋势，这项工作涉及到要不断为当前活跃的攻击组织团体添加标签信息，标签的内容通常是一个最新引入的攻击或渗透技术，该技术后来被其他攻击者所广泛应用。在微软之前发布的报告《STRONTIUM: A profile of a persistent and motivated adversary》中记录了这样一个攻击组织，因其侵略性、持续性、技术策略以及重复使用最新的零日漏洞去攻击目标等特点而引起了分析人员的关注。本文介绍了新发现的当前活跃的攻击组织的历史记录，行为和策略信息，微软已将其定义为“白金”（PLATINUM）。 据悉，PLATINUM至少于2009年就一直在对其目标进行攻击，与那些常见的非目标性攻击行为不同，它的攻击活动有许多明确的目标。像许多机会主义攻击组织一样，PLATINUM试图窃取与政府利益相关的敏感知识产权数据，但其优先目标范围始终限于南亚和东南亚的特定政府组织、国防研究所、情报机构、外交机构和电信运营商。由于该组织持续利用鱼叉式钓鱼攻击，并获取尚未发现的零日漏洞信息，使其成为了一个较危险的威胁攻击组织。
134,ProjectSauron/Strider：顶级的网络间谍平台暗中窃取政府加密通讯数据,ProjectSauron (1),2016-08-16,Kaspersky,暂无数据,ProjectSauron包括一个十分复杂的模块化网络间谍平台，通过隐蔽性非常强的隐藏生存机制，实现对目标进行长期网络间谍活动的目的。相关技术细节展示了攻击者是如何利用该平台学习其他攻击者的先进技术，并避免重复他们此前所犯的错误。例如，所有的东西都设定既定目标，降低其成为其他受害者的威胁指标（IOC）的价值。
135,Putter Panda,Putter Panda (1),2014-06-09,Crowd Strike,暂无数据,Crowd Strike发现疑似中国组织的黑客活动，并在恶意样本活动中分析出相关的线索，溯源到攻击者的社交平台及疑似的工作单位信息。Crowd Strike称这一组织为Putter Panda
136,新的KillDisk变种击中了拉丁美洲的金融组织,Quedagh (4),2018-01-15,TrendMicro,恶意软件,我们遇到了一个针对拉丁美洲金融组织的磁盘擦除KillDisk的新变种。KillDisk与多用途，与网络间谍相关的BlackEnergy在2015年12月底针对乌克兰能源部门以及银行，铁路和采矿业的网络攻击中使用。
137,Crash Override : 当下电网系统面临的安全威胁,Quedagh (4),2017-06-13,Dragos,漏洞攻击,2017年6月8日，Dragos公司收到斯洛伐克的反病毒厂商ESET公司的一则消息，内容与一个针对ICS（工业控制系统）的恶意软件有关。Dragos团队通过这条通知发现了恶意软件样本，分析了恶意软件的新功能和影响范围，并确认这个恶意软件与2016年12月17日发生在乌克兰首都基辅输电变电站的网络攻击事件有关。本报告作为一个行业报告，旨在向电力部门和安全组织解释一下这个恶意软件的潜在影响，对其中的一些细节酌情进行讨论。
138,利用CVE-2014-4114对西藏和香港集团进行攻击,Quedagh (4),2015-06-15,Citizen Lab,社会工程,这篇文章分析了针对西藏散居群体和香港民主团体的恶意软件攻击行为。 这些攻击全部都是利用了CVE-2014-4114漏洞，并通过恶意幻灯片文件（* .pps）传递。 这些攻击具有高度的针对性，在潜伏文档中使用合法内容，并且在部署时具有非常低的反病毒（AV）检出率。 与之前的攻击活动相比，现在针对藏族群体的攻击改变相应的策略。 在过去四年中，我们监测到的针对西藏团体的大多数攻击利用的漏洞为CVE-2010-3333或CVE-2012-0158。对CVE-2014-4114漏洞的利用则是我们在近两年中第一次观察到的攻击模式的变化。
139,BE2自定义插件，路由器滥用和目标配置文件,Quedagh (4),2014-11-03,Kaspersky,恶意软件,卡巴斯基实验室发布对Blackenergy，一个被各种犯罪团伙使用多年的工具的报告。受害国家有俄罗斯，乌克兰，波兰，立陶宛，伊朗，以色列，土耳其，德国，比利时，中国台湾等等。主要针对能源企业，政府，科技公司等。
140,RANCOR：使用PLAINTEE和DDKONG恶意软件系列在东南亚发起的针对性攻击,Rancor (1),2018-06-26,paloalto,鱼叉式网络钓鱼,在整个2017年和2018年，第42单元一直在跟踪和观察一系列针对东南亚的高度针对性的攻击，这是基于我们对KHRAT木马的研究。根据证据，这些攻击似乎是由使用以前未知的恶意软件系列的同一组攻击者进行的。此外，这些攻击似乎在分发所使用的恶意软件以及所选目标方面具有高度针对性。基于这些因素，第42单元认为这些攻击背后的攻击者正在进行间谍活动。
141,TICK组织ENDTRADE活动，使用多阶段后门针对日本目标,REDBALDKNIGHT (4),2019-11-29,TrendMicro,暂无数据,"趋势科技最近揭露了网络间谍组织TICK(又名""BRONZE BUTLER""和""REDBALDKNIGHT"")的最新活动。该组织使用合法的电子邮件账户和证书传播恶意软件，针对国防、航空航天、化学和卫星行业，这些行业的总部在日本，在中国有子公司。在2019年1月，该组织通过窃取日本经济研究公司和公共关系(PR)机构的电子邮件凭据和文件，并将其作为鱼叉式钓鱼邮件发送给精通日语或中文并且对中国经济感兴趣的个人和公司，邮件中包含带有恶意软件有效负载附件。该组织在活动中使用两个新的下载器ABK和BBK，两个新的木马Snake和build_down，这些恶意软件都具有一项重要任务：连接到网站并验证受害系统的卷序列号，以确定是否将发送下载后门的命令，在多个驱动器或卷的实例中，下载器从驱动器C收集信息。TICK还利用Microsoft Office内存损坏漏洞CVE-2018-0802和CVE-2018-0798传播ABK和BBK恶意软件。ABK使用隐写术将额外的负载隐藏在照片中以绕过杀毒软件。BBK同样使用隐写术隐藏恶意负载，其可以从C2服务器网站下载特定文件收集受害者信息，但是该软件不执行命令，研究人员因此推测该工具还在开发阶段。"
142,以东亚为目标的危险活动追踪报告,REDBALDKNIGHT (4),2018-10-18,Cisco,漏洞利用鱼叉攻击木马后门,自2016年以来，思科的Talos组织就开始跟踪的一个曾使用apt对韩国和日本进行了网络攻击的组织。 这个小组有几个不同的名字：Tick，Redbaldknight和Bronze Butler。 尽管每个攻击都使用了自定义工具，但Talos已经发掘了他们工具底层反复使用的攻击手法，并从劫持相关命令和控制（C2）域的交叉部分中解析发现其为同一IP的不同攻击C2。 这些基础架构模式表明Datper，xxmm后门和Emdivi恶意软件系列之间存在相似之处。 在这篇文章中，我们将深入探讨这些相似之处，并研究这些攻击手法的具体过程。
143,BRONZE BUTLER针对日本企业,REDBALDKNIGHT (4),2017-10-12,SecureWorks,后门木马鱼叉式钓鱼攻击漏洞利用0day零日漏洞,Secureworks公司称BRONZE BUTLER的行动表明，其长期以来一直试图渗透日本企业以窃取知识产权及其它机密数据，相关入侵活动还证明，该恶意集团的入侵目标主要集中在关键基础设施、重工业 、制造业以及国际关系网络层面。CTU?研究人员怀疑该组织可能位于中国。
144,“Tick” 组织的持续性攻击分析,REDBALDKNIGHT (4),2017-07-24,paloalto,后门木马漏洞利用,黑客组织 Bronze Butler（ 又称 Tick ）自 2012 年以来一直针对日本企业的关键基础设施、重工业、制造业以及国际关系方面展开攻击活动，旨在窃取企业知识产权与其机密信息。有消息指出，该组织似乎还与中国存有潜在联系。
145,Rocke组织更新LSD恶意软件，使用DNS查询TXT记录作为C2通道,Rocke (3),2019-10-17,Anomali,木马后门恶意扫描,"研究人员发现Rocke组织今年将其C2基础设施从Pastebin上托管脚本转移到域名系统(DNS)文本记录。攻击者利用""lsd.systemten[.]org""和""update.systemten[.]org""的TXT记录作为C2通信通道，这些记录通过常规DNS查询或HTTP-over-HTTPs（DoH）访问。除了更改C2托管策略之外，还向其LSD恶意软件中添加了""StartHttpServer""功能，用于启动侦听本地主机( localhost)TCP端口65533的Web服务器，以保证只有一个恶意软件程序在运行(因为只有一个应用程序可以绑定到特定端口)。恶意软件早期使用弱凭证，通过SSH和Redis访问其他机器，最近发现，恶意软件添加了用于利用ActiveMQ任意文件上传漏洞(CVE-2016-3088)的功能。该恶意软件为了阻止其他矿工感染目标机器，会杀死CPU使用率高的任何其他进程，并且通过文件MD5值识别自身矿工程序，避免误杀。9月，研究人员注意到攻击者开始使用新域名""update.iap5u1rbety6vifaxsi9vovnc9jjay2l[.]com""，同时在同一时间停止了对""update.systemten[.]org""的使用。"
146,Rocke组织恶意软件利用云安全产品来绕过检测,Rocke (3),2019-01-17,paloalto,漏洞攻击挖矿,公有云基础设施是是网络犯罪组织的主要目标之一。意识到现有的云监控和安全产品可能会检测到恶意软件入侵，恶意软件开发者开始创建新的绕过技术来绕过云安全产品的检测。Rocke组织使用的恶意软件变种就证明了基于agent的云安全保护方案可能不足以保护公有云基础设施以免受使用这类绕过技术的恶意软件。
147,范围内的铁网络犯罪集团,Rocke (3),2018-05-29,INTEZER,恶意软件,在过去的一年半中，Iron集团为Windows，Linux和Android平台开发了多种类型的恶意软件（后门，加密矿工和勒索软件）。他们使用恶意软件成功感染了至少数千名受害者。
148,Magic Hound攻击活动针对沙特阿拉伯能源，政府和科技行业,Rocket Kitten (2),2017-02-16,paloalto,暂无数据,"Palo Alto Networks研究人员2月15日发布报告称发现了针对中东的APT行动，最早发现于2016年中旬，称为Magic Hound。主要针对沙特阿拉伯的能源，政府和科技行业，通过分析发现其和一个APT组织Rocket Kitten(也称为Operation Saffron Rose, Ajax Security Team和Operation Woolen-Goldfish）以及更早的一次APT行动Newscasters有关。Magic Hound使用的工具包括包括常规的PE payloads，在.NET Framework中编译的PE文件，各种形式的IRC bots和一个开源的无文件的Python远程访问工具Pupy。攻击手法包括水坑攻击，鱼叉式钓鱼邮件，社工等。其中大多数带有宏病毒的Word文档使用的作者名为gerry knight。"
149,WOOLEN-GOLDFISH行动,Rocket Kitten (2),2015-03-18,TrendMicro,鱼叉式钓鱼,网络间谍小组“Rocket Kitten”，由伊朗人组成，他们的首次活动可以追溯到2014年，主要是通过钓鱼形式来传播木马，从而感染目标受害者。据报道，这个组织现在仍在活动中，最新的攻击活动出现在了2015年10月。 到目前为止，Rocket Kitten发动了两起攻击“GHOLE”恶意软件攻击与一个我们称之为“Operation Woolen-GoldFish”的攻击。该组织通过鱼叉式钓鱼攻击邮件渗透他们的目标系统。经过分析发现，该组织最为感兴趣的目标行业为：国防工业、IT部门、政府与学术组织。
150,新的KillDisk变种击中了拉丁美洲的金融组织,Sandworm (4),2018-01-15,TrendMicro,恶意软件,我们遇到了一个针对拉丁美洲金融组织的磁盘擦除KillDisk的新变种。KillDisk与多用途，与网络间谍相关的BlackEnergy在2015年12月底针对乌克兰能源部门以及银行，铁路和采矿业的网络攻击中使用。
151,Crash Override : 当下电网系统面临的安全威胁,Sandworm (4),2017-06-13,Dragos,漏洞攻击,2017年6月8日，Dragos公司收到斯洛伐克的反病毒厂商ESET公司的一则消息，内容与一个针对ICS（工业控制系统）的恶意软件有关。Dragos团队通过这条通知发现了恶意软件样本，分析了恶意软件的新功能和影响范围，并确认这个恶意软件与2016年12月17日发生在乌克兰首都基辅输电变电站的网络攻击事件有关。本报告作为一个行业报告，旨在向电力部门和安全组织解释一下这个恶意软件的潜在影响，对其中的一些细节酌情进行讨论。
152,利用CVE-2014-4114对西藏和香港集团进行攻击,Sandworm (4),2015-06-15,Citizen Lab,社会工程,这篇文章分析了针对西藏散居群体和香港民主团体的恶意软件攻击行为。 这些攻击全部都是利用了CVE-2014-4114漏洞，并通过恶意幻灯片文件（* .pps）传递。 这些攻击具有高度的针对性，在潜伏文档中使用合法内容，并且在部署时具有非常低的反病毒（AV）检出率。 与之前的攻击活动相比，现在针对藏族群体的攻击改变相应的策略。 在过去四年中，我们监测到的针对西藏团体的大多数攻击利用的漏洞为CVE-2010-3333或CVE-2012-0158。对CVE-2014-4114漏洞的利用则是我们在近两年中第一次观察到的攻击模式的变化。
153,BE2自定义插件，路由器滥用和目标配置文件,Sandworm (4),2014-11-03,Kaspersky,恶意软件,卡巴斯基实验室发布对Blackenergy，一个被各种犯罪团伙使用多年的工具的报告。受害国家有俄罗斯，乌克兰，波兰，立陶宛，伊朗，以色列，土耳其，德国，比利时，中国台湾等等。主要针对能源企业，政府，科技公司等。
154,自2012年以来，圣甲虫袭击者瞄准了精选的俄罗斯目标,Scarab (1),2015-01-22,Symantec,C&C后门,一组被我们称为“圣甲虫”的攻击者，自2012年1月至今一直对俄罗斯境内外的特定俄语语种个体进行高度针对性的攻击。在每个攻击活动中，攻击者通常瞄准少数个体而不是通过经济，军事等方面的诱因对企业或政府发动攻击。 平均来说，每个月只有不到10台独立的计算机被感染，并且没有迹象表明攻击者试图通过受害者的本地网络传播攻击行为，这表明“圣甲虫”在攻击行动上是极具针对性的。 许多“圣甲虫”发起的攻击专注于通过群发具有恶意附件（Trojan.Scieron和Trojan.Scieron.B）的电子邮件。 这些文件包含利用已经由供应商修补的旧漏洞的攻击。 如果攻击者成功地攻破了受害者的计算机，那么他们将使用称为Trojan.Scieron的后门将Trojan.Scieron.B下载至被攻击的计算机。 Trojan.Scieron.B有一个类似于rootkit的组件，其包含了许多网络攻击行为且具有更多更强大的后门功能。
155,疑似Group123针对中韩外贸人士攻击活动分析,ScarCruft (3),2019-10-29,腾讯,钓鱼攻击木马后门,腾讯威胁情报中心检测到针对中韩贸易相关人士的钓鱼攻击活动，该活动疑似来自于朝鲜黑客组织Group123(APT37)。使用的诱饵名字包括韩文和英文的.rar文档。解压后伪装成word图标和名字的可执行文件，该执行文件实际为一个下载器，下载器通过请求链接地址http://artmuseums[.]or.kr/swfupload/fla/1.jpg下载一个隐藏了RAT代码的jpg文件。木马会从同目录的配置文件中获取C2信息，然后对指定目录下的指定扩展名文件进行扫描打包，上传到C2服务器。C2域名为韩国博物馆网站，分析人员推测，攻击者先攻击了该网站，然后将其作为C2，以此来躲避查杀。
156,ScarCruft继续发展，推出了蓝牙收割机,ScarCruft (3),2019-05-13,Kaspersky,鱼叉式网络钓鱼战略网络妥协,我们最近在这个演员身上发现了一些有趣的遥测，并决定深入研究ScarCruft最近的活动。这表明演员仍然非常活跃，并不断尝试详细说明其攻击工具。根据我们的遥测技术，我们可以重新组装ScarCruft的二元感染程序。它使用多阶段二进制感染来有效地更新每个模块并逃避检测。
157,Red Eyes黑客组织浮出水面，疑为ProgamsByMe活动幕后策划,ScarCruft (3),2018-08-16,AhnLab,暂无数据,"Red Eyes黑客组织又被成为Geumseong121, Group 123, ScarCruft, APT37, Reaper以及Ricochet Chollima，主要针对韩国政府及媒体相关从业者，通常利用电子邮件、手机短信分发恶意的文件链接，钓鱼文档多使用伪造的政府要闻及时事政治吸引受害者上钩，也试图通过伪装Adobe&amp;Office的安全更新或是盗版程序攻击目标机构。近日，有研究人员通过该组织的恶意样本分析Red Eyes很可能就是是2015年ProgamsByMe行动的幕后策划者；或者至少与之直接或间接地联系在一起。"
158,国家移动恶意软件用COVID-19诱饵攻击叙利亚人,SEA (2),2020-04-15,Lookout,木马,叙利亚电子军以COVID-19诱饵则针对叙利亚人，安卓木马软件。Lookout研究人员发现71个恶意Android应用程序连接到同一命令与控制（C2）服务器。C2服务器的IP地址位于Tarassul Internet Service Provider所拥有的地址块中，Tarassul Internet Service Provider是叙利亚电信局（STE）拥有并与之共享网络基础架构的ISP（自由之家，2018年）。STE拥有为叙利亚国家资助的黑客组织叙利亚电子军（SEA）托管基础设施的历史。值得注意的是，先前由Lookout研究人员报告的Android恶意软件家族SilverH awk的C2服务器位于STE的IP地址上。
159,Syrian Malware Team使用BlackWorm恶意软件进行攻击,SEA (2),2014-08-29,FireEye,暂无数据,The Syrian Malware Team，我们发现这个组使用称为BlackWorm的.NET的RAT来渗透他们的目标。
160,发布Kraken:无文件APT攻击滥用Windows错误报告服务,SeaLotus (24),2020-10-06,Malwarebytes LABS,鱼叉式网络钓鱼攻击,9月17日，我们发现了一种名为Kraken的新攻击，该攻击将其有效负载作为防御逃避机制注入了Windows错误报告（WER）服务。 当与操作系统，Windows功能或应用程序相关的错误发生时，通常会调用该报告服务WerFault.exe。当受害者看到他们的计算机上运行WerFault.exe时，他们可能认为发生了一些错误，而在这种情况下，他们实际上已成为攻击的目标。 尽管这项技术不是什么新技术，但这项运动很可能是APT小组的工作，该小组先前曾使用网络钓鱼攻击，诱使受害者提出工人赔偿要求。威胁行动者入侵了一个网站以托管其有效负载，然后使用CactusTorch框架执行无文件攻击，然后采用多种反分析技术。
161,越南国家背景APT组织“海莲花”近期攻击手法的变化,SeaLotus (24),2020-08-20,微步在线,诱饵文件,近期，微步情报局捕获到多个“海莲花”组织样本，从5月至7月份期间该组织针对越南地区的攻击手法来看，主要变化体现在投递的诱饵文件上面。涉及三种类型包括：白利用结合压缩包、（SFX）RAR自解压文件和携带宏代码的MIME格式文档。除诱饵类型的变化外，花指令、文件体积、ShellCode存放方式、外壳加载层数也存在变化。
162,【微步在线报告】越南国家背景APT组织“海莲花”近期攻击手法的变化,SeaLotus (24),2020-08-20,微步在线,钓鱼攻击木马后门,近期，国内厂商发现海莲花组织的多个恶意样本，主要变化体现在投递的诱饵文件上面。投递方式包括：攻击者将带数字签名的Office组件和恶意DLL打包成压缩包，并且白文件后缀名会携带较长的空格符号用于迷惑受害者；攻击者将带数字签名的iTunes组件、恶意DLL和加密ShellCode文件打包成SFX自解压程序；攻击者将携带宏代码的DOC文档保存成MIME格式投递。通过社会工程学诱导受害者点击执行，使用白利用方法绕过安全检测，最终加载的后门包括：CobaltStrike Beacon、DenesRAT等。
163,海莲花APT组织最新样本分析,SeaLotus (24),2020-06-17,Malwarebytes LABS,社会工程学鱼叉攻击木马后门水坑攻击,OceanLotus(海莲花)APT组织是一个长期针对中国及其他东亚、东南亚国家(地区)政府、科研机构、海运企业等领域进行攻击的APT组织，该组织也是针对中国境内的最活跃的APT组织之一，该组织主要通过鱼叉攻击和水坑攻击等方法，配合多种社会工程学手段进行渗透，向境内特定目标人群传播特种木马程序，秘密控制部分政府人员、外包商和行业专家的电脑系统，窃取系统中相关领域的机密资料，通过追踪它这些年的攻击手法和攻击目标，OceanLotus很有可能是具有国外政府支持背景的、高度组织化的、专业化的境外国家级黑客组织 初期的OceanLotus特种木马技术并不复杂，容易发现和查杀，2014年OceanLotus特种木马开始采用包括文件伪装、随机加密和自我销毁等一系列复杂的攻击技术与安全软件进行对抗，随后OceanLotus特种木马又开始转向云控技术，攻击的危险性、不确定性与木马识别查杀的难度都大大增强 OceanLotus(海莲花) APT组织擅长使用鱼叉攻击和水坑攻击，NSA武器库曝光后，还使用了永恒系列漏洞进行攻击，投递的攻击武器种类比较多，RTA包括：Denis、CobaltStrike、PHOREAL、salgorea、类gh0st、Ratsnif等。
164,APT32利用疫情信息针对武汉政府和中国应急管理部门的攻击活动,SeaLotus (24),2020-04-22,FireEye,鱼叉式网络钓鱼电子邮件,Fireeye Mandiant 威胁情报团队称，自2020年1月至今，疑似海莲花（APT32）组织对中国政府相关机构进行了入侵活动，攻击者将鱼叉式网络钓鱼邮件发送给了中国紧急情况管理部以及武汉市政府，Mandiant 认为此攻击活动是为了收集COVID-19相关的情报信息。 第一起已知的攻击活动发生在2020年1月6日，攻击者将主题为“办公设备招标第一季度结果报告”的电子邮件发送给中国紧急情况管理部门，并在邮件中插入探针，一旦受害者打开邮件，该探针将向远程发送受害者的电子邮件地址。 Mandiant 还发现海莲花以COVID-19为诱饵针对中国，该诱饵文档名为“COVID-19实时更新：中国目前正在追踪所有来自湖北省的旅行者”，该诱饵文档打开后将在受害者计算机中执行shellcode以收集计算机名，用户名。最终将加载METALJACK有效载荷从而控制受害者计算机。
165,近期使用新冠疫情（COVID-19）为诱饵的APT攻击活动汇总,SeaLotus (24),2020-03-28,腾讯,"恶意脚本木马后门,勒索软件钓鱼邮件",目前，由新型冠状病毒引起的肺炎疫情（COVID-19）在全球蔓延，已有190个国家存在确诊病例，全球确诊人数已经超过43万人，死亡病例超过1.9万。中国大陆已基本控制住疫情，但在意大利、西班牙、美国等发达国家疫情仍处于爆发期，世界卫生组织已将疫情的全球风险级别确定为“非常高”。 而随着新冠病毒疫情（COVID-19）在全球蔓延，以此为主题的网络攻击事件骤然增长。其中中国大陆、意大利、韩国等国家成为黑客网络攻击的高风险地区。腾讯安全威胁情报中心自疫情爆发后，已检测到多起以新冠病毒疫情为主题的攻击活动。 攻击者大多以投递邮件的方式，构造诱饵文件欺骗用户点击，恶意文件类型多种多样，覆盖EXE、MS Office宏文档、漏洞文档、lnk文件、VBS脚本等。而攻击的背景也包括具有国家背景的专业APT组织和普通黑产组织。本文对近期发现的以新冠病毒疫情为诱饵的攻击活动加以汇总，供大家参考。在此提醒广大政企单位和个人用户，在做好疫情防控的同时，也要做好网络安全的防护工作。
166,COVID-19 新冠病毒笼罩下的全球疫情相关网络攻击分析报告,SeaLotus (24),2020-03-26,奇安信,"远控木马木马后门,勒索软件",自今年年初新冠病毒在国内全面爆发，奇安信威胁情报中心便立刻意识到在这样的非常时期，网络攻击者绝不会自我“隔离”。保障关键业务系统的安全稳定运行及信息安全、重要网站的正常运转和内容不被篡改、防范和阻断利用疫情相关热点的APT、黑产等网络攻击，是另一个当务之急。 在春节期间，奇安信红雨滴团队和奇安信CERT便建立了围绕疫情相关网络攻击活动的监控流程，以希冀在第一时间阻断相关攻击，并发布相关攻击预警。 截至目前，奇安信红雨滴团队捕获了数十个APT团伙利用疫情相关信息针对境内外进行网络攻击活动的案例，捕获了数百起黑产组织传播勒索病毒、远控木马等多类型恶意代码的攻击活动。并通过基于奇安信威胁情报中心威胁情报数据的全线产品阻断了数千次攻击。相关详细信息均及时上报国家和地方相关主管部门，为加强政企客户和公众防范意识，也将其中部分信息摘要发布。 在本报告中，我们将结合公开威胁情报来源和奇安信内部数据，针对疫情期间利用相关信息进行的网络攻击活动进行分析，主要针对疫情相关网络攻击态势、APT高级威胁活动、网络犯罪攻击活动，以及相关的攻击手法进行详细分析和总结。
167,越南国家背景APT组织“海莲花”利用疫情话题攻击我国政府机构,SeaLotus (24),2020-03-16,微步在线,木马,近期，微步情报局捕获“海莲花”利用疫情话题针对我国发起攻击活动的样本文件。 攻击者以“湖南省家禽H5N1亚型高致病性禽流感疫情情况”、“冠状病毒实时更新：中国正在追踪来自湖北的旅行者”等时事热点为诱饵进行鱼叉攻击，攻击活动或发生于今年2月。利用带数字签名的WPS文件，通过社会工程学诱导受害者点击执行，运行以后会通过侧加载方式装载恶意DLL，释放诱饵文档并且在内存中加载DenesRAT木马。DenesRAT木马具备文件操作、注册表读写、设置环境变量和远程执行代码等功能的后门，该后门被插入大量花指令用于对抗分析。
168,黑客组织海莲花攻击宝马汽车集团，窃取商业机密,SeaLotus (24),2019-12-06,360,暂无数据,"根据国外新闻报道，黑客组织海莲花攻击了慕尼黑宝马汽车公司（始于2019年春季）的计算机网络和韩国现代汽车网络。6月份时，宝马公司将有关计算机进行了脱网处理。黑客通过创建一个仿冒泰国宝马分公司网站来进行钓鱼，从而窃取目标信息。分析发现黑客组织应是从BR Recherche攻击了计算机攻击者，然后安装Cobalt Strike来进行攻击。自2018年底以来，汽车工业也逐步成海莲花组织的关注焦点。不止于宝马，丰田汽车公司也曾惨遭""海莲花""毒手。通过进一步发现，2019年6月越南企业集团Vingroup开设了第一家生产汽车的工厂。而有资料显示，在越南开始制造汽车时，该组织就开始将攻击目标聚焦于汽车制造商。"
169,“海莲花”(OceanLotus)2019年针对中国攻击活动汇总,SeaLotus (24),2019-12-05,腾讯,暂无数据,整个2019年，该组织持续对多个目标不断的进行攻击，使用的鱼叉攻击邮件主题非常本土化，如使用网易邮箱，贴近时事热点等。新增诱饵类型：伪装为word图标的可执行文件、chm文件等。不断更新对抗方式：使用多重载荷攻击、定制化第二阶段后门，C2拼接，自增文件大小等。利用的定制化恶意软件为：CobaltStrike的beacon木马、Denis家族木马、修改版的Gh0st。
170,疑似海莲花又有新活动，攻击目标似为国内大型企业,SeaLotus (24),2019-11-13,安恒,暂无数据,近期安全研究院猎影威胁分析团队在文件威胁分析平台上监控发现疑似海莲花组织又有新的活动出现，其攻击目标似为国内大型企业。
171,来自OceanLotus的新网络害虫,SeaLotus (24),2019-07-01,THREATVECTOR,C&C,OceanLotus Group（又名APT32，CobaltKitty）正在使用一套名为“Ratsnif”的远程访问木马来利用新的网络攻击功能。Blackberry Cylance威胁研究人员分析了Ratsnif特洛伊木马，它提供了一种名副其实的瑞士军刀网络攻击技术。自2016年以来积极开发的特洛伊木马程序结合了数据包嗅探，网关/设备ARP中毒，DNS中毒，HTTP注入和MAC欺骗等功能。
172,OceanLotus利用新方法针对越南环境集团,SeaLotus (24),2019-06-20,奇安信,C&C,据称，APT集团OceanLotus拥有越南背景，于2015年5月首次曝光并由SkyEye Labs（QiAnXin威胁情报中心RedDrip团队的前身）命名。其攻击活动可以追溯到2012年4月。目标包括中国海事机构，海事建设，科研院所和航运企业。他们的目标后来扩展到几乎所有重要组织，相关活动现在仍然活跃。
173,海莲花团伙对中南半岛国家攻击活动的总结：目标、手法及技术演进,SeaLotus (24),2019-05-08,奇安信,网络钓鱼,OceanLotus是一家拥有越南背景的APT集团。该团队于2015年5月首次由SkyEye团队发布并命名。其攻击活动可以追溯到2012年4月。目标包括中国的海事机构，海事建筑，科研机构和航运企业。
174,OceanLotus隐写术,SeaLotus (24),2019-04-02,BlackBerry Cylance,木马后门,BlackBerry Cylance最近在我们对OceanLotus（APT32）小组的持续监控期间发现了一种新颖的恶意软件有效载荷装载器。加载程序使用隐写术来读取隐藏在.png图像文件中的加密有效负载。
175,跟踪OceanLotus的新下载程序KerrDown,SeaLotus (24),2019-02-01,paloalto,钓鱼攻击,OceanLotus (也叫做APT32)，其主要攻击目标是东南亚。过去几年发生的多起攻击活动都与APT 32有关，虽然APT 32的攻击活动是全球性的，但其主要活动在APAC区域，主要攻击目标包括多个行业、外国政府、与越南相关的活动家和持不同政见者。本文介绍OceanLotus从2018年初开始使用的定制的下载器恶意软件KerrDown。研究人员在分析过程中还使用了Jaccard index（Jaccard相似系数）算法来找出KerrDown恶意软件家族与数据库中其他恶意软件家族的相似性。研究人员一共发现两种传播 KerrDown下载器的方法。第一个是使用含有恶意宏的office文档，第二个方法是使用含有DLL侧加载的合法程序的RAR文件。
176,OceanLotus组织使用的恶意程序分析报告,SeaLotus (24),2018-10-17,BlackBerry,漏洞利用鱼叉攻击木马后门水坑攻击,威胁研究人员发现了几个由Oceanlotus Group（APT32，Cobalt Kitty）部署的定制后门，以及使用CobaltStrike Beacon后门攻击的证据。攻击者通常在环境中利用PowerShell，使用程序下载/部署恶意软件，以及来自各种漏洞工具包（包括MSFvenom、Veil和Dkmc）的PE/Shellcode加载，大部分恶意软件都是在内存中运行，不需要磁盘占用。
177,,SeaLotus (24),2018-04-27,腾讯,后门木马鱼叉式钓鱼攻击漏洞利用,海莲花（OceanLotus）也叫APT32或APT-C-00，是一个长期针对中国及其他东亚国家（地区）政府、科研机构、海运企业等领域进行攻击的APT组织。
178,OceanLotus组织新的Macos后门分析,SeaLotus (24),2018-04-04,TrendMicro,后门木马鱼叉式钓鱼攻击漏洞利用,我们确定了一个MacOS后门（趋势科技检测为OSX_OCEANLOTUS.D），我们认为它是OceanLotus（又名APT 32，APT-C-00，SeaLotus和Cobalt Kitty）使用的威胁的最新版本.OceanLotus负责 针对人权组织，媒体组织，研究机构和海事建筑公司发起有针对性的攻击.OSX_OCEANLOTUS.D背后的攻击者瞄准安装了Perl编程语言的MacOS计算机。
179,OceanLotus APT （海莲花）在近期攻击中使用了新后门,SeaLotus (24),2018-03-14,ESET,后门木马鱼叉式钓鱼攻击漏洞利用,ESET 发布分析报告称 OceanLotus APT 组织在其最近的攻击活动中使用了新的后门，旨在获得远程访问以及对受感染系统的完全控制权。目前 OceanLotus 会在其攻击活动中不断更新工具集，这显示了该组织通过选择目标保持隐藏的意图。此外，OceanLotus 也限制其恶意软件的分发以及使用多个不同的服务器来避免将注意力吸引到单个域名或 IP 地址。
180,海莲花（OceanLotus）大规模数字监视和攻击，主张东盟，亚洲国家，媒体，人权组织和民间社会,SeaLotus (24),2017-11-06,Volexity,后门木马鱼叉式钓鱼攻击漏洞利用水坑攻击,2017年11月6日，国外安全公司Volexity发布了一篇关于疑似海莲花APT团伙新活动的报告，该报告指出攻击团伙攻击了与政府、军事、人权、媒体和国家石油勘探等有关的个人和组织的100多个网站。通过针对性的JavaScript脚本进行信息收集，修改网页视图，配合社会工程学诱导受害人点击安装恶意软件或者登陆钓鱼页面，以进行下一步的攻击渗透。
181,海莲花组织针对亚洲某公司的APT攻击—Cobalt Kitty 行动分析,SeaLotus (24),2017-05-24,cybereason,社会工程学钓鱼邮件,本文是针对一次被称为 Operation Cobalt Kitty的APT攻击的报告内容精华版，该APT攻击的目标是针对亚洲一家全球性公司来窃取他们的重要商业信息。攻击者以钓鱼攻击作为初始渗透载体，以公司的顶级管理为目标，最终入侵了副总裁电脑，当然还有很多高级主管和运营部门的其他关键人员。在Operation Cobalt Kitty攻击过程中，攻击者破坏了超过40台PC和服务器，包括域控制器，文件服务器，Web应用服务器和数据库服务器。
182,网络间谍活动依然活跃:APT32和对全球企业的威胁,SeaLotus (24),2017-05-14,FireEye,社会工程学钓鱼邮件,APT32组织（海莲花组织，OceanLotus Group）正在对横跨多个行业的企业展开入侵活动，同时他们也将外国政府、政客人士以及记者当作攻击目标。FireEye经过分析研究，认为APT32在攻击活动中使用了一个独特的全功能版的恶意软件工具集以及公开的商业工具，所涉及的网络攻击活动都与越南的国家利益相符合。
183,OceanLotus（APT-C-00）数字海洋的游猎者持续3年的网络空间威胁,SeaLotus (24),2015-05-29,SkyEye,鱼叉攻击水坑攻击,2012年4月起至今，某境外黑客组织对中国政府、科研院所、海事机构、海域建设 、航运企业等相关重要领域展开了有组织、有计划、有针对性的长时间不间断攻击。该组织主要通过鱼叉攻击和水坑攻击等方法，配合多种社会工程学手段进行渗透，向境内特定目标人群传播特种木马程序，秘密控制部分政府人员、外包商和行业专家的电脑系统，窃取系统中相关领域的机密。 根据该组织的某些攻击特点，我们将其命名为OceanLotus。
184,针对韩国的Kitty Phishing钓鱼攻击,SectorA05 (1),2019-01-30,THREATRECON,钓鱼攻击,2019年1月初，一封包含恶意软件的电子邮件被分发给77名记者，内容涉及韩国统一的相关主题。我们分析了这些恶意软件，并将其识别为Sectra05使用的恶意软件，我们确认它们使用的是一个特定的C2服务器和一个韩国人域名使用日本IP地址至少连续27个月。除了这些包含恶意软件的网络钓鱼攻击之外，网络钓鱼攻击还被用来窃取电子邮件帐户信息。这些攻击主要是 针对韩国政府人员，如中央政府、统一部、外交部和国防部的员工。最近，他们他们还扩大了目标，包括加密货币兑换和个人用户。
185,APT28使用北约主题作为诱饵，实施Zebrocy恶意软件攻击,Sednit (22),2020-09-22,quointelligence,钓鱼攻击木马后门,QuoINT最近检测到正在进行的APT28活动，该活动可能是从8月5日开始。攻击中使用的恶意软件是Zebrocy Delphi版本。攻击者以北约即将举行的培训为诱饵主题，针对阿塞拜疆的一个特定政府机构发起钓鱼。攻击者将恶意.zip文件伪装成JPEG图片格式以逃避AV或其他检测系统。正确解压缩后，.zip文件将分发名字相同的exe文件(即Zebrocy恶意软件)和xls格式文件。采用相同的文件名可能是攻击者为了让目标在不小心中打开exe格式的恶意文件。该活动与2020年8月揭露的ReconHellcat活动具有时间和攻击目标上的巧合。
186,寄居在高加索地区的奇幻熊爪,Sednit (22),2020-08-18,奇安信,暂无数据,近日，奇安信安全团队发现APT28组织新活动。通过对受害者进行合理推测，综合多方面线索分析，研究人员大致判断本次活动是针对阿塞拜疆国内知名人士、意见领袖以及政治家进行定向攻击的APT事件。高加索地区民族较为复杂，历史上各大帝国均会争夺这片地区，本次攻击活动是冲突从现实政治空间到网络空间的典型折射。本次捕获的样本为Zebrocy新样本，其功能主要为Downloader，与之前捕获的样本相比，免杀效果更好，运行后会先进行持久化操作并弹出错误提示框迷惑用户，当以特定的参数启动时会进行屏幕截图，通过定时器回调函数，将数据发送到远程服务器，并等待下载后续payload。
187,2019年当铺风波一年的扫描和认证针对知名目标的网络钓鱼,Sednit (22),2020-03-19,TrendMicro,鱼叉式网络钓鱼电子邮件0day零日漏洞水坑攻击,Pawn Storm是一项持续不断的网络间谍活动，其活动可以追溯到2004年，在针对美国及其盟国的国防承包商人员，使馆和军事力量以及国际媒体进行网络攻击后，该游戏声名狼藉以及不同民用行业和部门的公民，以及其他目标。 多年来，趋势科技一直密切监视Pawn Storm及其各种攻击媒介和方法，这些攻击媒介和方法通常有助于地缘政治的破坏和间谍活动。这项较新的操作采用了多种攻击方法，其中包括针对高姿态目标的鱼叉式网络钓鱼电子邮件，这是典当风暴武器库中的主要内容。
188,疑似APT28针对哈萨克斯坦矿业公司的样本分析,Sednit (22),2019-10-31,github,鱼叉式网络钓鱼木马后门,"国外研究人员发现包含附件""gorodpavlodar.doc""的电子邮件被发送给哈萨克斯坦大型矿业公司员工。电子邮件声称是""Pavlodar市官方""发送，但是其地址实际为""pavlodar.news@bk.ru""。附件内容为俄文，大致为""住宅热水供应时间表""，并且提示收件人""启用内容""以查看受保护的文档。一旦启用，便会执行包含在其中的宏代码，宏删除原始文档，并打开辅助文档""graphic.doc""，该文档包含可执行文件""libssl.exe""的嵌入式宏。该可执行文件将修改注册表""Run""键维持持久性，然后通过HTTP POST请求连接到硬编码的C2地址。研究人员观察到此样本的相关特征与Zebrocy木马相似，因此推测该活动来源于俄罗斯黑客组织APT28。"
189,指向世界反兴奋剂机构和国际体育组织的网络暗战,Sednit (22),2019-10-28,奇安信,钓鱼攻击木马后门,2019年10月28日，微软威胁情报中心报道了一个重要的网络攻击：APT28组织针对全球的反兴奋剂机构和体育组织发起攻击。其认为，随着2020年东京夏季运动会开幕日即将到来之季，披露此次攻击很有必要。
190,APT28持续针对东欧、中亚外交机构，使用新Nim语言下载器,Sednit (22),2019-09-24,ESET,鱼叉网络钓鱼木马后门,APT28从去年开始被发现使用鱼叉式钓鱼邮件，针对东欧和中亚的外交部和大使馆。最近，研究人员发现该组织在活动中使用较新的语言Nim编写的下载器，并且使用了由Golang编写(过去使用Delphi)的新Zebrocy后门。下载器通过检测可执行文件的第一个字母是否更改来确定是否在沙箱中，通过设定偏移量和字符串替换来混淆，以逃避基本静态分析工具。Zebrocy后门添加了AES算法，十六进制编码和截屏功能。由以上可见，APT28在该活动并没有选择使用新的恶意软件，而是偏向将旧的恶意工具移植到其他语言中，以逃避检测。
191,疑似俄罗斯地区新APT组织HexCode的攻击活动分析,Sednit (22),2019-09-20,360,暂无数据,微步在线近期发现一个疑似具有俄语背景的APT组织，该组织使用的攻击手法与个别目前被曝光的俄罗斯APT组织（APT28、Gamaredon、DragonFly等）存在少许相似，但在攻击细节和使用木马上却存在本质的区别。该组织使用的木马首包是将目标系统配置信息以16进制方式回传到C2。研究人员分析HexCode组织至少自2016年开始活跃，曾使用包含恶意宏或漏洞利用(CVE-2017-11882)的文档作为诱饵，近期则多使用RAR自解压文档作为诱饵。2019年以来，发现该组织利用多种哈萨克斯坦时事主题文档，对哈克斯坦政府、外交、情报机构、医疗卫生等行业组织机构进行鱼叉攻击。8月，该组织针对哈萨克斯坦信息技术市场上最大的公司NITEC相关员工发起钓鱼攻击，该司主要服务国家机构。为了避免附件木马被自动化识别检测，攻击者对附件使用密码加密压缩。
192,APT28利用远程模板注入攻击东欧国家外交机构,Sednit (22),2019-08-29,Telsy,漏洞攻击网络钓鱼,Telsy CTI团队在8月22日发现APT28组织至少针对一个东欧国家外交机构的网络钓鱼活动。检索到的电子邮件消息使用远程模板注入，虽然发现时文件已不可用，但研究人员从Dropbox在线存储服务中搜集到了恶意远程内容，解压缩内容为.doc和.exe文件。在第一个宏代码中提供的函数rn用于静默地启动.doc文件，.doc文件的Sub_AutoOpen()触发的另一个代码块用于执行.exe文件并退出应用程序。 .exe文件是zebrocy下载器的一个变种，该变种主要目的是执行旨在收集系统信息的操作后，下载并支持执行其它恶意组件。目前研究人员还没有发现最终的有效载荷。
193,安全厂商发布APT28组织DLL后门的技术分析,Sednit (22),2019-08-28,Cylance,漏洞攻击木马后门,Cylance研究人员发现攻击组织APT28的植入工具样本，分析发现它是一个多线程DLL后门，允许能够完全访问和控制目标主机。该后门使用c++编写，并与OpenSSL和Poco c++框架静态链接。由于文件打包为DLL，目的是将其注入长期运行的进程，该进程被授予互联网访问权限（例如NetSvc服务组）或具有本地防火墙权限的进程。该后门是非模块性的，但具有文件下载、上载、远程命令执行和交互式shell访问的基本功能，根据定义的睡眠或活动时间表连接到C2进行通信。C2服务器使用域生成算法（DGA）生成，与其通信协议使用RSA加密，Base64编码的JSON通过端口443的HTTPS或使用端口80在HTTP上进行交换。
194,Zebrocy之旅,Sednit (22),2019-05-22,ESET,鱼叉式网络钓鱼,三年前，Sednit集团在中东和中亚各国发布了针对受害者的新组件。从那时起，组件的数量和多样性急剧增加。ESET 研究人员和其他 公司的同事记录了这些组件; 然而，在本文中，我们将重点关注什么是超越妥协，一旦受害者系统运行Zebrocy Delphi后门，操作员会做什么。
195,ESET曝光Lojax:首个被利用的UEFI rootkit案例,Sednit (22),2018-09-27,ESET,病毒恶意软件,ESET公开披露了据称是第一个在现实攻击活动中被捕获的UEFI rootkit，它具备很强的生存能力，即使是在受害者重装系统、更换硬盘之后也依然能够存活。此次被公开披露的这个UEFI rootkit便是黑客对LoJax软件稍作修改之后而来的，同样具备覆盖UEFI固件的能力，但改变了与Absolute Software服务器通信的后台进程，使得它会向Sednit组织的C&C服务器进行报告。如果你已经感染了该恶意软件，那么你能做的也就只剩下使用对应主板的干净固件映像重新刷新SPI闪存。这是一个非常繁琐的过程，必须手动进行且需要掌握相应的专业知识。还有一个更简单、直接的办法——更换受感染的主板。
196,罗马假日行动 - 狩猎俄罗斯APT28,Sednit (22),2018-07-13,CSE CyberSec,木马后门,最近，一系列新的恶意软件样本被提交到主要的在线沙箱。 我们注意到一些提交给Virus Total的样本被一些专家归因于俄罗斯APT28组。 APT28小组（又名Fancy Bear，Pawn Storm，Sednit，Sofacy和Strontium）自2007年以来一直活跃，它的目标是全球的政府，军队和安全组织。 该组织还涉及针对2016年总统选举的一系列攻击。
197,Sofacy Group的并行攻击,Sednit (22),2018-06-06,paloalto,网络钓鱼攻击,Sofacy小组仍然是一个持久的全球威胁。第42单元和其他人在2018年上半年表明，这个威胁行动者组织如何继续瞄准世界各地的多个组织，特别强调主要在北美和欧洲的政府，外交和其他战略组织。
198,Sednit组织更新换代：一款值得密切关注的恶意软件Zebrocy分析,Sednit (22),2018-04-24,ESET,后门木马鱼叉式钓鱼攻击漏洞利用,Sednit组织在过去两年中大量使用Zebrocy，其为Sednit工具库中稳定、成熟的工具之一，并且这一工具值得密切关注。
199,玛莎和这些熊,Sednit (22),2018-03-09,Kaspersky,恶意软件,Sofacy，也被称为APT28，Fancy Bear和Tsar Team，是一个多产，资源充足且持久的对手。它们有时被描绘成野性和鲁莽，但正如我们的知名度所见，该群体可以是务实，有计划和敏捷的。
200,Sofacy攻击多个政府实体,Sednit (22),2018-02-28,paloalto,鱼叉式网络钓鱼,Sofacy小组（AKA APT28，Fancy Bear，STRONTIUM，Sednit，Tsar Team，Pawn Storm）是着名的对手，在2018年新的日历年中保持高度活跃。第42单元由于其在全球的持久性而积极监督该小组跨越所有垂直行业。最近，我们在世界各地的各个外交部发现了一项运动。有趣的是，在广告系列中似乎有两个平行的努力，每个努力都使用完全不同的攻击工具集。
201,一片2017年的Sofacy活动,Sednit (22),2018-02-20,Kaspersky,鱼叉式网络钓鱼,此文章将调查2017年Sofacy活动过去一年中的知名人士，包括他们的目标，技术和基础设施说明。没有一个研究小组具有100％的全球可见性，我们收集的数据也相应地呈现。在这里，外部APT28报道2017年Darkhotel风格的欧洲活动和经销商的选择鱼叉式钓鱼是有意义的。
202,,Sednit (22),2018-01-12,TrendMicro,鱼叉式网络钓鱼,在2017年夏季和秋季，我们观察到Pawn Storm针对一些组织进行了凭证网络钓鱼和鱼叉式网络钓鱼攻击。多年来，Pawn Storm的作案手法非常一致，他们的一些技巧伎俩被反复使用。例如，tabnabbing用于对抗Yahoo! 用户于2017年8月和9月在美国政治主题电子邮件中发布。我们在2014年首次讨论的方法涉及在分散目标后，将浏览器选项卡更改为指向网络钓鱼站点。
203,APT28将恶意软件嵌入到Doc文档中实施攻击,Sednit (22),2017-11-07,McAfee,后门木马鱼叉式钓鱼攻击漏洞利用供应链攻击水坑攻击,McAfee高级威胁研究分析师发现了一个恶意的Word文档，该文档似乎利用了高级威胁研究先前报告的Microsoft Office动态数据交换（DDE）技术。本文件可能标志着APT28首次使用这种技术。使用带有PowerShell的DDE允许攻击者在受害者的系统上执行任意代码，而不管是否启用宏。
204,熊在中间入侵民主党全国委员会,Sednit (22),2016-06-15,CrowdStrike,C&C,俄罗斯间谍机构COZY BEAR(APT29)，FANCY BEAR(APT28)分别对美国民主党全国委员会系统发起入侵。
205,针对美国政府机构的新型Sofacy攻击,Sednit (22),2016-06-14,paloalto,木马植入钓鱼软件CVE-2015-1641,Sofacy组织，也被称为APT28，是经常进行网络间谍活动的威胁组织。近日，Unit42确定了Sofacy针对美国政府的钓鱼邮件。电子邮件是从外交部一个可能的已经被黑帐户发出，并携带有木马Carberp的变种。该木马采用了一种前所未见的隐藏机制，本文将逐步解析其工作过程。
206,Adobe和Windows 0day攻击可能被俄罗斯APT28在高度针对性攻击中利用,Sednit (22),2015-04-18,FireEye,C&C漏洞利用,FireEye实验室于2015年4月13日检测到一个利用0-day漏洞攻击Adobe Flash和windows系统的APT攻击行为。攻击者通过构建特定的参数利用C&C手段对Adobe漏洞（CVE-2015-3043）发起攻击。FireEye评估认为此次事件为APT28攻击行为。
207,RSA分析兵马俑(Terracotta)VPN网络,Shell Crew (1),2015-08-04,RSA,C&C,在本报告中，RSA深入分析了一个其内部称为“兵马俑(Terracotta)”的由恶意软件支撑的VPN网络。 Terracotta是Shell Crew（又称DeepPanda）用来进行APT活动的平台，它可以隐藏恶意行为的攻击源信息。Terracotta波及了一类新的受害的群体（合法的商业和政府机构、未知服务的VPN节点和带宽），进而扩大了APT事件的规模。幸运的是，人们可以通过完善网络安全配置来预防Terracotta事件的发生。
208,APT组织Silence使用更新TTP攻击全球银行,Silence (1),2019-08-22,Group-IB,漏洞攻击木马后门网络钓鱼,安全厂商Group-IB披露了APT组织Silence近期开展的攻击活动，不断使用新策略攻击全球银行。2019年Silence已经感染了欧洲、拉丁美洲、非洲和亚洲30多个国家的工作站，窃取金额对比2018年发现的活动增加了5倍。Silence使用网络钓鱼电子邮件来感染受害者，新策略中通过发送不带有恶意载荷的侦察电子邮件，作为其攻击准备阶段，获取有效电子邮件列表以供将来攻击，并获取有关目标公司使用的网络安全解决方案的信息。最初的感染阶段，完全重写了加载器TrueBot之外，开始使用PowerShell编写的无文件加载器Ivoke。在横向移动阶段，使用的新工具为以前未知的基于Empire和dnscat2项目的PowerShell代理EmpireDNSAgent，旨在通过命令shell和使用DNS协议的隧道传输来执行任务，从而控制系统。研究人员还发现Silence和TA505之间可能存在联系。
209,Slingshot APT组织,Slingshot (1),2018-03-06,Kaspersky,暂无数据,在分析涉及可疑键盘记录器的事件时，我们确定了一个能够与虚拟文件系统交互的恶意库，这通常是高级APT演员的标志。事实证明这是一个内部命名为“Slingshot”的恶意加载器，它是一个新的，高度复杂的攻击平台的一部分，可以在复杂程度上与Project Sauron和Regin相媲美。
210,APT28使用北约主题作为诱饵，实施Zebrocy恶意软件攻击,Sofacy (22),2020-09-22,quointelligence,钓鱼攻击木马后门,QuoINT最近检测到正在进行的APT28活动，该活动可能是从8月5日开始。攻击中使用的恶意软件是Zebrocy Delphi版本。攻击者以北约即将举行的培训为诱饵主题，针对阿塞拜疆的一个特定政府机构发起钓鱼。攻击者将恶意.zip文件伪装成JPEG图片格式以逃避AV或其他检测系统。正确解压缩后，.zip文件将分发名字相同的exe文件(即Zebrocy恶意软件)和xls格式文件。采用相同的文件名可能是攻击者为了让目标在不小心中打开exe格式的恶意文件。该活动与2020年8月揭露的ReconHellcat活动具有时间和攻击目标上的巧合。
211,寄居在高加索地区的奇幻熊爪,Sofacy (22),2020-08-18,奇安信,暂无数据,近日，奇安信安全团队发现APT28组织新活动。通过对受害者进行合理推测，综合多方面线索分析，研究人员大致判断本次活动是针对阿塞拜疆国内知名人士、意见领袖以及政治家进行定向攻击的APT事件。高加索地区民族较为复杂，历史上各大帝国均会争夺这片地区，本次攻击活动是冲突从现实政治空间到网络空间的典型折射。本次捕获的样本为Zebrocy新样本，其功能主要为Downloader，与之前捕获的样本相比，免杀效果更好，运行后会先进行持久化操作并弹出错误提示框迷惑用户，当以特定的参数启动时会进行屏幕截图，通过定时器回调函数，将数据发送到远程服务器，并等待下载后续payload。
212,2019年当铺风波一年的扫描和认证针对知名目标的网络钓鱼,Sofacy (22),2020-03-19,TrendMicro,鱼叉式网络钓鱼电子邮件0day零日漏洞水坑攻击,Pawn Storm是一项持续不断的网络间谍活动，其活动可以追溯到2004年，在针对美国及其盟国的国防承包商人员，使馆和军事力量以及国际媒体进行网络攻击后，该游戏声名狼藉以及不同民用行业和部门的公民，以及其他目标。 多年来，趋势科技一直密切监视Pawn Storm及其各种攻击媒介和方法，这些攻击媒介和方法通常有助于地缘政治的破坏和间谍活动。这项较新的操作采用了多种攻击方法，其中包括针对高姿态目标的鱼叉式网络钓鱼电子邮件，这是典当风暴武器库中的主要内容。
213,疑似APT28针对哈萨克斯坦矿业公司的样本分析,Sofacy (22),2019-10-31,github,鱼叉式网络钓鱼木马后门,"国外研究人员发现包含附件""gorodpavlodar.doc""的电子邮件被发送给哈萨克斯坦大型矿业公司员工。电子邮件声称是""Pavlodar市官方""发送，但是其地址实际为""pavlodar.news@bk.ru""。附件内容为俄文，大致为""住宅热水供应时间表""，并且提示收件人""启用内容""以查看受保护的文档。一旦启用，便会执行包含在其中的宏代码，宏删除原始文档，并打开辅助文档""graphic.doc""，该文档包含可执行文件""libssl.exe""的嵌入式宏。该可执行文件将修改注册表""Run""键维持持久性，然后通过HTTP POST请求连接到硬编码的C2地址。研究人员观察到此样本的相关特征与Zebrocy木马相似，因此推测该活动来源于俄罗斯黑客组织APT28。"
214,指向世界反兴奋剂机构和国际体育组织的网络暗战,Sofacy (22),2019-10-28,奇安信,钓鱼攻击木马后门,2019年10月28日，微软威胁情报中心报道了一个重要的网络攻击：APT28组织针对全球的反兴奋剂机构和体育组织发起攻击。其认为，随着2020年东京夏季运动会开幕日即将到来之季，披露此次攻击很有必要。
215,APT28持续针对东欧、中亚外交机构，使用新Nim语言下载器,Sofacy (22),2019-09-24,ESET,鱼叉网络钓鱼木马后门,APT28从去年开始被发现使用鱼叉式钓鱼邮件，针对东欧和中亚的外交部和大使馆。最近，研究人员发现该组织在活动中使用较新的语言Nim编写的下载器，并且使用了由Golang编写(过去使用Delphi)的新Zebrocy后门。下载器通过检测可执行文件的第一个字母是否更改来确定是否在沙箱中，通过设定偏移量和字符串替换来混淆，以逃避基本静态分析工具。Zebrocy后门添加了AES算法，十六进制编码和截屏功能。由以上可见，APT28在该活动并没有选择使用新的恶意软件，而是偏向将旧的恶意工具移植到其他语言中，以逃避检测。
216,疑似俄罗斯地区新APT组织HexCode的攻击活动分析,Sofacy (22),2019-09-20,360,暂无数据,微步在线近期发现一个疑似具有俄语背景的APT组织，该组织使用的攻击手法与个别目前被曝光的俄罗斯APT组织（APT28、Gamaredon、DragonFly等）存在少许相似，但在攻击细节和使用木马上却存在本质的区别。该组织使用的木马首包是将目标系统配置信息以16进制方式回传到C2。研究人员分析HexCode组织至少自2016年开始活跃，曾使用包含恶意宏或漏洞利用(CVE-2017-11882)的文档作为诱饵，近期则多使用RAR自解压文档作为诱饵。2019年以来，发现该组织利用多种哈萨克斯坦时事主题文档，对哈克斯坦政府、外交、情报机构、医疗卫生等行业组织机构进行鱼叉攻击。8月，该组织针对哈萨克斯坦信息技术市场上最大的公司NITEC相关员工发起钓鱼攻击，该司主要服务国家机构。为了避免附件木马被自动化识别检测，攻击者对附件使用密码加密压缩。
217,APT28利用远程模板注入攻击东欧国家外交机构,Sofacy (22),2019-08-29,Telsy,漏洞攻击网络钓鱼,Telsy CTI团队在8月22日发现APT28组织至少针对一个东欧国家外交机构的网络钓鱼活动。检索到的电子邮件消息使用远程模板注入，虽然发现时文件已不可用，但研究人员从Dropbox在线存储服务中搜集到了恶意远程内容，解压缩内容为.doc和.exe文件。在第一个宏代码中提供的函数rn用于静默地启动.doc文件，.doc文件的Sub_AutoOpen()触发的另一个代码块用于执行.exe文件并退出应用程序。 .exe文件是zebrocy下载器的一个变种，该变种主要目的是执行旨在收集系统信息的操作后，下载并支持执行其它恶意组件。目前研究人员还没有发现最终的有效载荷。
218,安全厂商发布APT28组织DLL后门的技术分析,Sofacy (22),2019-08-28,Cylance,漏洞攻击木马后门,Cylance研究人员发现攻击组织APT28的植入工具样本，分析发现它是一个多线程DLL后门，允许能够完全访问和控制目标主机。该后门使用c++编写，并与OpenSSL和Poco c++框架静态链接。由于文件打包为DLL，目的是将其注入长期运行的进程，该进程被授予互联网访问权限（例如NetSvc服务组）或具有本地防火墙权限的进程。该后门是非模块性的，但具有文件下载、上载、远程命令执行和交互式shell访问的基本功能，根据定义的睡眠或活动时间表连接到C2进行通信。C2服务器使用域生成算法（DGA）生成，与其通信协议使用RSA加密，Base64编码的JSON通过端口443的HTTPS或使用端口80在HTTP上进行交换。
219,Zebrocy之旅,Sofacy (22),2019-05-22,ESET,鱼叉式网络钓鱼,三年前，Sednit集团在中东和中亚各国发布了针对受害者的新组件。从那时起，组件的数量和多样性急剧增加。ESET 研究人员和其他 公司的同事记录了这些组件; 然而，在本文中，我们将重点关注什么是超越妥协，一旦受害者系统运行Zebrocy Delphi后门，操作员会做什么。
220,ESET曝光Lojax:首个被利用的UEFI rootkit案例,Sofacy (22),2018-09-27,ESET,病毒恶意软件,ESET公开披露了据称是第一个在现实攻击活动中被捕获的UEFI rootkit，它具备很强的生存能力，即使是在受害者重装系统、更换硬盘之后也依然能够存活。此次被公开披露的这个UEFI rootkit便是黑客对LoJax软件稍作修改之后而来的，同样具备覆盖UEFI固件的能力，但改变了与Absolute Software服务器通信的后台进程，使得它会向Sednit组织的C&C服务器进行报告。如果你已经感染了该恶意软件，那么你能做的也就只剩下使用对应主板的干净固件映像重新刷新SPI闪存。这是一个非常繁琐的过程，必须手动进行且需要掌握相应的专业知识。还有一个更简单、直接的办法——更换受感染的主板。
221,罗马假日行动 - 狩猎俄罗斯APT28,Sofacy (22),2018-07-13,CSE CyberSec,木马后门,最近，一系列新的恶意软件样本被提交到主要的在线沙箱。 我们注意到一些提交给Virus Total的样本被一些专家归因于俄罗斯APT28组。 APT28小组（又名Fancy Bear，Pawn Storm，Sednit，Sofacy和Strontium）自2007年以来一直活跃，它的目标是全球的政府，军队和安全组织。 该组织还涉及针对2016年总统选举的一系列攻击。
222,Sofacy Group的并行攻击,Sofacy (22),2018-06-06,paloalto,网络钓鱼攻击,Sofacy小组仍然是一个持久的全球威胁。第42单元和其他人在2018年上半年表明，这个威胁行动者组织如何继续瞄准世界各地的多个组织，特别强调主要在北美和欧洲的政府，外交和其他战略组织。
223,Sednit组织更新换代：一款值得密切关注的恶意软件Zebrocy分析,Sofacy (22),2018-04-24,ESET,后门木马鱼叉式钓鱼攻击漏洞利用,Sednit组织在过去两年中大量使用Zebrocy，其为Sednit工具库中稳定、成熟的工具之一，并且这一工具值得密切关注。
224,玛莎和这些熊,Sofacy (22),2018-03-09,Kaspersky,恶意软件,Sofacy，也被称为APT28，Fancy Bear和Tsar Team，是一个多产，资源充足且持久的对手。它们有时被描绘成野性和鲁莽，但正如我们的知名度所见，该群体可以是务实，有计划和敏捷的。
225,Sofacy攻击多个政府实体,Sofacy (22),2018-02-28,paloalto,鱼叉式网络钓鱼,Sofacy小组（AKA APT28，Fancy Bear，STRONTIUM，Sednit，Tsar Team，Pawn Storm）是着名的对手，在2018年新的日历年中保持高度活跃。第42单元由于其在全球的持久性而积极监督该小组跨越所有垂直行业。最近，我们在世界各地的各个外交部发现了一项运动。有趣的是，在广告系列中似乎有两个平行的努力，每个努力都使用完全不同的攻击工具集。
226,一片2017年的Sofacy活动,Sofacy (22),2018-02-20,Kaspersky,鱼叉式网络钓鱼,此文章将调查2017年Sofacy活动过去一年中的知名人士，包括他们的目标，技术和基础设施说明。没有一个研究小组具有100％的全球可见性，我们收集的数据也相应地呈现。在这里，外部APT28报道2017年Darkhotel风格的欧洲活动和经销商的选择鱼叉式钓鱼是有意义的。
227,,Sofacy (22),2018-01-12,TrendMicro,鱼叉式网络钓鱼,在2017年夏季和秋季，我们观察到Pawn Storm针对一些组织进行了凭证网络钓鱼和鱼叉式网络钓鱼攻击。多年来，Pawn Storm的作案手法非常一致，他们的一些技巧伎俩被反复使用。例如，tabnabbing用于对抗Yahoo! 用户于2017年8月和9月在美国政治主题电子邮件中发布。我们在2014年首次讨论的方法涉及在分散目标后，将浏览器选项卡更改为指向网络钓鱼站点。
228,APT28将恶意软件嵌入到Doc文档中实施攻击,Sofacy (22),2017-11-07,McAfee,后门木马鱼叉式钓鱼攻击漏洞利用供应链攻击水坑攻击,McAfee高级威胁研究分析师发现了一个恶意的Word文档，该文档似乎利用了高级威胁研究先前报告的Microsoft Office动态数据交换（DDE）技术。本文件可能标志着APT28首次使用这种技术。使用带有PowerShell的DDE允许攻击者在受害者的系统上执行任意代码，而不管是否启用宏。
229,熊在中间入侵民主党全国委员会,Sofacy (22),2016-06-15,CrowdStrike,C&C,俄罗斯间谍机构COZY BEAR(APT29)，FANCY BEAR(APT28)分别对美国民主党全国委员会系统发起入侵。
230,针对美国政府机构的新型Sofacy攻击,Sofacy (22),2016-06-14,paloalto,木马植入钓鱼软件CVE-2015-1641,Sofacy组织，也被称为APT28，是经常进行网络间谍活动的威胁组织。近日，Unit42确定了Sofacy针对美国政府的钓鱼邮件。电子邮件是从外交部一个可能的已经被黑帐户发出，并携带有木马Carberp的变种。该木马采用了一种前所未见的隐藏机制，本文将逐步解析其工作过程。
231,Adobe和Windows 0day攻击可能被俄罗斯APT28在高度针对性攻击中利用,Sofacy (22),2015-04-18,FireEye,C&C漏洞利用,FireEye实验室于2015年4月13日检测到一个利用0-day漏洞攻击Adobe Flash和windows系统的APT攻击行为。攻击者通过构建特定的参数利用C&C手段对Adobe漏洞（CVE-2015-3043）发起攻击。FireEye评估认为此次事件为APT28攻击行为。
232,SowBug：针对南美洲和东南亚攻击的网络间谍组织活动分析,Sowbug (1),2017-11-07,Symantec,后门木马鱼叉式钓鱼攻击漏洞利用水坑攻击,此次曝光的网络间谍组织Sowbug，至少在2015年就开始运作了，他们曾对南美洲和东南亚的许多政府机构进行过一系列针对性的攻击，旨在获取重要的外交情报。 该住址发现这个组织对阿根廷、巴西、厄瓜多尔、秘鲁和马来西亚等国的外交政策机构、政府机构以及其它外交目标进行过秘密攻击。此黑客组织主要借助名为 “Felismus” 的恶意软件发动攻击并借此渗透进目标网络。Felismus 是在2017年3月下旬首度被发现的，它是一款复杂且精心编写的远控木马（RAT），其模块化的设计能允许使用者对后门功能进行特殊的定制。 该恶意软件能让攻击者完全控制受感染的目标系统，与大多 RAT 一样，Felismus 允许攻击者进行文件下载、shell 命令执行等操作。
233,移动端间谍应用AnubisSpy针对中东国家，与APT组织（APT-C-15）相关,Sphinx (1),2017-12-19,TrendMicro,暂无数据,趋势科技发现针对阿拉伯语言中东国家的恶意应用AnubisSpy，根据其C&amp;C关联到APT组织人面狮（APT-C-15）。AnubisSpy可以窃取短信，照片，视频，电子邮件账户等数据，也可以运行命令删除设备上的文件。
234,Falcon组织新后门，使用后台智能传输服务(BITS)通信,Stealth Falcon (2),2019-09-09,ESET,恶意软件,最近，研究人员发现Stealth Falcon组织使用的一个未被揭露的后门，该后门使用标准的Windows组件后台智能传输服务(BITS)进行通信，以逃避安全产品和防火墙的检测。两个C＆C服务器的地址存储在注册表项中，供后门切换使用，并且通过后门命令更新。后门将带有硬编码前缀的加密副本存储在临时文件夹中，收集有用文件并传输。后门使用了300多个未使用的导入函数，可能以此来逃避检测。该后门在针对阿联酋，沙特阿拉伯，泰国和荷兰的攻击活动中被发现，最近的攻击是针对中东国家的外交使团。国外的安全研究人员认为Stealth Falcon和Project Raven属于同一组织。
235,Stealth Falcon：针对阿联酋不同政见者的黑客组织,Stealth Falcon (2),2016-05-11,Citizen Lab,暂无数据,名为Stealth Falcon的黑客组织，主要通过恶意软件以及社工方式来获取阿联酋记者、活动家和不同政见者的信息。他们的攻击最早可以追溯到2012年迄今，也有消息称这个黑客组织与阿联酋政府有联系。这个攻击活动被发现是因为一个虚构的名为“The Right to Fight”的组织通过电子邮件联系了罗里·多纳吉（Rori Donaghy）。Donaghy是位英国的记者和阿联酋人权中心的创始人，于2015年11月他收到了来自这个组织的含有间谍软件的电子邮件，这些邮件让他点击和一个人权委员会相关的链接，声称可以为他在人权专栏中提供了一个职位，一旦点击链接，就会在毫不知情的情况下，将恶意软件安装在自己的电脑上。Donaghy对这些可疑的电子邮件在实验室的协助下进行了调查，后来的调查发现24个阿联酋人成为攻击目标。而后调查也发现Stealth Falcon发出的31条推文中，其中30条直接针对27名受害者，在27个攻击目标中，24人明显与阿联酋有关，根据其资料信息（如照片、账户名称、位置中的“阿联酋”），至少有6个目标似乎已被逮捕，逮捕和审判的罪名是侮辱阿联酋统治者。根据详细记录，在Donaghy收到的电子邮件中，邮件的附件是一个word文档，而文档中带着宏病毒（后门），经过分析在邮件中发现了一个链接(http://aax.me/d0dde) ，如果点击链接会利用JavaScript获取目标计算机配置信息。
236,ProjectSauron/Strider：顶级的网络间谍平台暗中窃取政府加密通讯数据,Strider (1),2016-08-16,Kaspersky,暂无数据,ProjectSauron包括一个十分复杂的模块化网络间谍平台，通过隐蔽性非常强的隐藏生存机制，实现对目标进行长期网络间谍活动的目的。相关技术细节展示了攻击者是如何利用该平台学习其他攻击者的先进技术，并避免重复他们此前所犯的错误。例如，所有的东西都设定既定目标，降低其成为其他受害者的威胁指标（IOC）的价值。
237,APT28使用北约主题作为诱饵，实施Zebrocy恶意软件攻击,STRONTIUM (22),2020-09-22,quointelligence,钓鱼攻击木马后门,QuoINT最近检测到正在进行的APT28活动，该活动可能是从8月5日开始。攻击中使用的恶意软件是Zebrocy Delphi版本。攻击者以北约即将举行的培训为诱饵主题，针对阿塞拜疆的一个特定政府机构发起钓鱼。攻击者将恶意.zip文件伪装成JPEG图片格式以逃避AV或其他检测系统。正确解压缩后，.zip文件将分发名字相同的exe文件(即Zebrocy恶意软件)和xls格式文件。采用相同的文件名可能是攻击者为了让目标在不小心中打开exe格式的恶意文件。该活动与2020年8月揭露的ReconHellcat活动具有时间和攻击目标上的巧合。
238,寄居在高加索地区的奇幻熊爪,STRONTIUM (22),2020-08-18,奇安信,暂无数据,近日，奇安信安全团队发现APT28组织新活动。通过对受害者进行合理推测，综合多方面线索分析，研究人员大致判断本次活动是针对阿塞拜疆国内知名人士、意见领袖以及政治家进行定向攻击的APT事件。高加索地区民族较为复杂，历史上各大帝国均会争夺这片地区，本次攻击活动是冲突从现实政治空间到网络空间的典型折射。本次捕获的样本为Zebrocy新样本，其功能主要为Downloader，与之前捕获的样本相比，免杀效果更好，运行后会先进行持久化操作并弹出错误提示框迷惑用户，当以特定的参数启动时会进行屏幕截图，通过定时器回调函数，将数据发送到远程服务器，并等待下载后续payload。
239,2019年当铺风波一年的扫描和认证针对知名目标的网络钓鱼,STRONTIUM (22),2020-03-19,TrendMicro,鱼叉式网络钓鱼电子邮件0day零日漏洞水坑攻击,Pawn Storm是一项持续不断的网络间谍活动，其活动可以追溯到2004年，在针对美国及其盟国的国防承包商人员，使馆和军事力量以及国际媒体进行网络攻击后，该游戏声名狼藉以及不同民用行业和部门的公民，以及其他目标。 多年来，趋势科技一直密切监视Pawn Storm及其各种攻击媒介和方法，这些攻击媒介和方法通常有助于地缘政治的破坏和间谍活动。这项较新的操作采用了多种攻击方法，其中包括针对高姿态目标的鱼叉式网络钓鱼电子邮件，这是典当风暴武器库中的主要内容。
240,疑似APT28针对哈萨克斯坦矿业公司的样本分析,STRONTIUM (22),2019-10-31,github,鱼叉式网络钓鱼木马后门,"国外研究人员发现包含附件""gorodpavlodar.doc""的电子邮件被发送给哈萨克斯坦大型矿业公司员工。电子邮件声称是""Pavlodar市官方""发送，但是其地址实际为""pavlodar.news@bk.ru""。附件内容为俄文，大致为""住宅热水供应时间表""，并且提示收件人""启用内容""以查看受保护的文档。一旦启用，便会执行包含在其中的宏代码，宏删除原始文档，并打开辅助文档""graphic.doc""，该文档包含可执行文件""libssl.exe""的嵌入式宏。该可执行文件将修改注册表""Run""键维持持久性，然后通过HTTP POST请求连接到硬编码的C2地址。研究人员观察到此样本的相关特征与Zebrocy木马相似，因此推测该活动来源于俄罗斯黑客组织APT28。"
241,指向世界反兴奋剂机构和国际体育组织的网络暗战,STRONTIUM (22),2019-10-28,奇安信,钓鱼攻击木马后门,2019年10月28日，微软威胁情报中心报道了一个重要的网络攻击：APT28组织针对全球的反兴奋剂机构和体育组织发起攻击。其认为，随着2020年东京夏季运动会开幕日即将到来之季，披露此次攻击很有必要。
242,APT28持续针对东欧、中亚外交机构，使用新Nim语言下载器,STRONTIUM (22),2019-09-24,ESET,鱼叉网络钓鱼木马后门,APT28从去年开始被发现使用鱼叉式钓鱼邮件，针对东欧和中亚的外交部和大使馆。最近，研究人员发现该组织在活动中使用较新的语言Nim编写的下载器，并且使用了由Golang编写(过去使用Delphi)的新Zebrocy后门。下载器通过检测可执行文件的第一个字母是否更改来确定是否在沙箱中，通过设定偏移量和字符串替换来混淆，以逃避基本静态分析工具。Zebrocy后门添加了AES算法，十六进制编码和截屏功能。由以上可见，APT28在该活动并没有选择使用新的恶意软件，而是偏向将旧的恶意工具移植到其他语言中，以逃避检测。
243,疑似俄罗斯地区新APT组织HexCode的攻击活动分析,STRONTIUM (22),2019-09-20,360,暂无数据,微步在线近期发现一个疑似具有俄语背景的APT组织，该组织使用的攻击手法与个别目前被曝光的俄罗斯APT组织（APT28、Gamaredon、DragonFly等）存在少许相似，但在攻击细节和使用木马上却存在本质的区别。该组织使用的木马首包是将目标系统配置信息以16进制方式回传到C2。研究人员分析HexCode组织至少自2016年开始活跃，曾使用包含恶意宏或漏洞利用(CVE-2017-11882)的文档作为诱饵，近期则多使用RAR自解压文档作为诱饵。2019年以来，发现该组织利用多种哈萨克斯坦时事主题文档，对哈克斯坦政府、外交、情报机构、医疗卫生等行业组织机构进行鱼叉攻击。8月，该组织针对哈萨克斯坦信息技术市场上最大的公司NITEC相关员工发起钓鱼攻击，该司主要服务国家机构。为了避免附件木马被自动化识别检测，攻击者对附件使用密码加密压缩。
244,APT28利用远程模板注入攻击东欧国家外交机构,STRONTIUM (22),2019-08-29,Telsy,漏洞攻击网络钓鱼,Telsy CTI团队在8月22日发现APT28组织至少针对一个东欧国家外交机构的网络钓鱼活动。检索到的电子邮件消息使用远程模板注入，虽然发现时文件已不可用，但研究人员从Dropbox在线存储服务中搜集到了恶意远程内容，解压缩内容为.doc和.exe文件。在第一个宏代码中提供的函数rn用于静默地启动.doc文件，.doc文件的Sub_AutoOpen()触发的另一个代码块用于执行.exe文件并退出应用程序。 .exe文件是zebrocy下载器的一个变种，该变种主要目的是执行旨在收集系统信息的操作后，下载并支持执行其它恶意组件。目前研究人员还没有发现最终的有效载荷。
245,安全厂商发布APT28组织DLL后门的技术分析,STRONTIUM (22),2019-08-28,Cylance,漏洞攻击木马后门,Cylance研究人员发现攻击组织APT28的植入工具样本，分析发现它是一个多线程DLL后门，允许能够完全访问和控制目标主机。该后门使用c++编写，并与OpenSSL和Poco c++框架静态链接。由于文件打包为DLL，目的是将其注入长期运行的进程，该进程被授予互联网访问权限（例如NetSvc服务组）或具有本地防火墙权限的进程。该后门是非模块性的，但具有文件下载、上载、远程命令执行和交互式shell访问的基本功能，根据定义的睡眠或活动时间表连接到C2进行通信。C2服务器使用域生成算法（DGA）生成，与其通信协议使用RSA加密，Base64编码的JSON通过端口443的HTTPS或使用端口80在HTTP上进行交换。
246,Zebrocy之旅,STRONTIUM (22),2019-05-22,ESET,鱼叉式网络钓鱼,三年前，Sednit集团在中东和中亚各国发布了针对受害者的新组件。从那时起，组件的数量和多样性急剧增加。ESET 研究人员和其他 公司的同事记录了这些组件; 然而，在本文中，我们将重点关注什么是超越妥协，一旦受害者系统运行Zebrocy Delphi后门，操作员会做什么。
247,ESET曝光Lojax:首个被利用的UEFI rootkit案例,STRONTIUM (22),2018-09-27,ESET,病毒恶意软件,ESET公开披露了据称是第一个在现实攻击活动中被捕获的UEFI rootkit，它具备很强的生存能力，即使是在受害者重装系统、更换硬盘之后也依然能够存活。此次被公开披露的这个UEFI rootkit便是黑客对LoJax软件稍作修改之后而来的，同样具备覆盖UEFI固件的能力，但改变了与Absolute Software服务器通信的后台进程，使得它会向Sednit组织的C&C服务器进行报告。如果你已经感染了该恶意软件，那么你能做的也就只剩下使用对应主板的干净固件映像重新刷新SPI闪存。这是一个非常繁琐的过程，必须手动进行且需要掌握相应的专业知识。还有一个更简单、直接的办法——更换受感染的主板。
248,罗马假日行动 - 狩猎俄罗斯APT28,STRONTIUM (22),2018-07-13,CSE CyberSec,木马后门,最近，一系列新的恶意软件样本被提交到主要的在线沙箱。 我们注意到一些提交给Virus Total的样本被一些专家归因于俄罗斯APT28组。 APT28小组（又名Fancy Bear，Pawn Storm，Sednit，Sofacy和Strontium）自2007年以来一直活跃，它的目标是全球的政府，军队和安全组织。 该组织还涉及针对2016年总统选举的一系列攻击。
249,Sofacy Group的并行攻击,STRONTIUM (22),2018-06-06,paloalto,网络钓鱼攻击,Sofacy小组仍然是一个持久的全球威胁。第42单元和其他人在2018年上半年表明，这个威胁行动者组织如何继续瞄准世界各地的多个组织，特别强调主要在北美和欧洲的政府，外交和其他战略组织。
250,Sednit组织更新换代：一款值得密切关注的恶意软件Zebrocy分析,STRONTIUM (22),2018-04-24,ESET,后门木马鱼叉式钓鱼攻击漏洞利用,Sednit组织在过去两年中大量使用Zebrocy，其为Sednit工具库中稳定、成熟的工具之一，并且这一工具值得密切关注。
251,玛莎和这些熊,STRONTIUM (22),2018-03-09,Kaspersky,恶意软件,Sofacy，也被称为APT28，Fancy Bear和Tsar Team，是一个多产，资源充足且持久的对手。它们有时被描绘成野性和鲁莽，但正如我们的知名度所见，该群体可以是务实，有计划和敏捷的。
252,Sofacy攻击多个政府实体,STRONTIUM (22),2018-02-28,paloalto,鱼叉式网络钓鱼,Sofacy小组（AKA APT28，Fancy Bear，STRONTIUM，Sednit，Tsar Team，Pawn Storm）是着名的对手，在2018年新的日历年中保持高度活跃。第42单元由于其在全球的持久性而积极监督该小组跨越所有垂直行业。最近，我们在世界各地的各个外交部发现了一项运动。有趣的是，在广告系列中似乎有两个平行的努力，每个努力都使用完全不同的攻击工具集。
253,一片2017年的Sofacy活动,STRONTIUM (22),2018-02-20,Kaspersky,鱼叉式网络钓鱼,此文章将调查2017年Sofacy活动过去一年中的知名人士，包括他们的目标，技术和基础设施说明。没有一个研究小组具有100％的全球可见性，我们收集的数据也相应地呈现。在这里，外部APT28报道2017年Darkhotel风格的欧洲活动和经销商的选择鱼叉式钓鱼是有意义的。
254,,STRONTIUM (22),2018-01-12,TrendMicro,鱼叉式网络钓鱼,在2017年夏季和秋季，我们观察到Pawn Storm针对一些组织进行了凭证网络钓鱼和鱼叉式网络钓鱼攻击。多年来，Pawn Storm的作案手法非常一致，他们的一些技巧伎俩被反复使用。例如，tabnabbing用于对抗Yahoo! 用户于2017年8月和9月在美国政治主题电子邮件中发布。我们在2014年首次讨论的方法涉及在分散目标后，将浏览器选项卡更改为指向网络钓鱼站点。
255,APT28将恶意软件嵌入到Doc文档中实施攻击,STRONTIUM (22),2017-11-07,McAfee,后门木马鱼叉式钓鱼攻击漏洞利用供应链攻击水坑攻击,McAfee高级威胁研究分析师发现了一个恶意的Word文档，该文档似乎利用了高级威胁研究先前报告的Microsoft Office动态数据交换（DDE）技术。本文件可能标志着APT28首次使用这种技术。使用带有PowerShell的DDE允许攻击者在受害者的系统上执行任意代码，而不管是否启用宏。
256,熊在中间入侵民主党全国委员会,STRONTIUM (22),2016-06-15,CrowdStrike,C&C,俄罗斯间谍机构COZY BEAR(APT29)，FANCY BEAR(APT28)分别对美国民主党全国委员会系统发起入侵。
257,针对美国政府机构的新型Sofacy攻击,STRONTIUM (22),2016-06-14,paloalto,木马植入钓鱼软件CVE-2015-1641,Sofacy组织，也被称为APT28，是经常进行网络间谍活动的威胁组织。近日，Unit42确定了Sofacy针对美国政府的钓鱼邮件。电子邮件是从外交部一个可能的已经被黑帐户发出，并携带有木马Carberp的变种。该木马采用了一种前所未见的隐藏机制，本文将逐步解析其工作过程。
258,Adobe和Windows 0day攻击可能被俄罗斯APT28在高度针对性攻击中利用,STRONTIUM (22),2015-04-18,FireEye,C&C漏洞利用,FireEye实验室于2015年4月13日检测到一个利用0-day漏洞攻击Adobe Flash和windows系统的APT攻击行为。攻击者通过构建特定的参数利用C&C手段对Adobe漏洞（CVE-2015-3043）发起攻击。FireEye评估认为此次事件为APT28攻击行为。
259,SWEED黑客组织近期动态，针对外贸企业,SWEED (3),2020-07-03,启明星辰,鱼叉式网络钓鱼电子邮件木马后门,"近期，启明星辰ADLab捕获到大量针对全球制造、运输、能源等行业及部分医疗机构发起的鱼叉式钓鱼邮件定向攻击。从邮件的分析结果来看，受害者大多遍布于美国、加拿大、德国、中国、英国、法国、西班牙等国家和地区。攻击者以""装船通知单""、""装箱交货价单""、""紧急运输文件""等主题邮件作为诱饵向攻击目标植入信息窃密木马(Agent Tesla、Formbook、Lokibot)和远程控制程序(NanoCore、Remcos)。通过溯源分析确定此次攻击活动来自尼日利亚，并且关联出了大批量的黑恶意域名(攻击者使用境外的Duck DNS注册动态域名)和IP地址。通过追踪攻击者使用的网络基础设施，发现此次攻击活动最早可追溯到2020年1月。攻击者的攻击动机、攻击目标、作业风格与SWEED黑客组织极为相似，他们还有着相似的攻击习惯，并使用相同窃密木马程序，以及同样风格的C&amp;C地址。因此，研究人员认为这批攻击背后应该就是SWEED黑客组织。攻击者的重点目标为从事对外贸易的中小型企业，其目的是通过植入特定的后门以实现对目标计算机进行信息收集和长期监控，并为接下来的横向移动攻击提供基础。"
260,疑似SWEED组织利用Office漏洞，攻击意大利精密工程公司,SWEED (3),2019-11-01,marcoramilli,鱼叉式钓鱼邮件木马后门,国外研究人员发现针对意大利精密工程公司的攻击活动。攻击者假装客户，将精心制作的恶意电子邮件发送给目标采购部门，其中包含Microsoft XLS文件。该表格利用了Microsoft Office(包括Office 360)中存在的内存损坏漏洞(CVE-2017-11882)。成功利用此漏洞后，攻击者可以在受害者打开恶意文档后在易受攻击的计算机上执行远程代码（甚至无需用户交互）。该漏洞位于Microsoft Office 的EquationEditor（EQNEDT32.EXE）中。一旦受害者打开文档，Object3会运行EquationEditor，并利用内存损坏漏洞执行代码。恶意负载会从注册表中收集访问凭据和令牌信息，并将其发送给C2服务器。研究人员认为该攻击的使用战术和策略，与SWEED组织曾经发起的攻击活动不谋而合，很可能是该组织所为。
261,SWEED组织：恶意软件Agent Tesla行为演变研究分析,SWEED (3),2019-07-15,Cisco,暂无数据,我们最近发现了大量正在进行的恶意软件传播活动，这些活动与一个名为“SWEED”的组织有关，传播的恶意软件包括著名的恶意软件Formbook、Lokibot和Agent Tesla。根据我们的研究，SWEED组织至少从2017年就开始运作了，主要使用偷窃者和远程访问木马的方法攻击受害者。在这篇文章中，我们将追溯与SWEED相关的每个活动，并讨论一些参与者的策略，技术和程序（TTPs）。
262,IcedID木马新变种，利用隐写术隐藏payloads,TA2101 (2),2019-12-03,Malwarebytes LABS,暂无数据,"安全研究人员发现威胁组织TA2101针对德国、意大利和美国的垃圾邮件活动。在针对美国的恶意活动中分发了IcedID银行木马，该木马从2019年9月开始使用隐写术策略隐藏负载。垃圾邮件据称来自美国邮政局，使用""USPS发送失败的尝试通知""主题，其中包含Microsoft Word文档格式附件，该文档诱使受害者启用宏来查看文档内容。用户启用宏后，会显示一个虚假的错误消息提示，提示表单中的标签内容为使用逗号隔开的数字，宏从标签中获取文本，将其转换成恶意负载链接地址或者路径以在执行期间使用。IcedID的加载程序是一个打包的PE文件，用于加载和注入无头的IcedID主模块PE文件。与以前的IcedID木马不同，新的无头的IcedID主模块PE文件需要通过加载其他有效负载(photo.png)才能生成。首先下载器会下载经过混淆模糊的png格式有效负载(photo.png)，再将其解码并注入无头的PE文件生成最终的IcedID主模块PE文件，然后通过IcedID自定义的加载程序加载生成最终有效负载，从而实现持久性。"
263,黑客组织(TA2101)模仿美国、德国、意大利的政府机构，通过钓鱼邮件分发勒索软件、后门木马,TA2101 (2),2019-11-14,Proofpoint,暂无数据,"国外研究人员发现一个新黑客组织(TA2101)模仿美国、德国、意大利的政府机构，通过钓鱼邮件分发勒索软件、后门程序和银行木马。针对德国IT支持公司的钓鱼邮件冒充德国联邦财政部，伪装成用户欠税通知，里面包含恶意的Word文档附件，一旦用户打开附件并启用宏，将安装Cobalt Strike和Maze勒索软件。针对意大利组织的钓鱼邮件冒充意大利税务局，伪装成新税收准则，一旦用户打开恶意附件文档，将被指引""启动内容""解密文件，一旦启用则会执行恶意宏，安装Maze勒索软件。针对美国医疗保健行业的钓鱼邮件冒充美国邮政服务，同样提供恶意Word文档附件，手法与针对意大利的活动类似，但最终安装的是IceID银行木马。"
264,近期使用新冠疫情（COVID-19）为诱饵的APT攻击活动汇总,TA505 (7),2020-03-28,腾讯,"恶意脚本木马后门,勒索软件钓鱼邮件",目前，由新型冠状病毒引起的肺炎疫情（COVID-19）在全球蔓延，已有190个国家存在确诊病例，全球确诊人数已经超过43万人，死亡病例超过1.9万。中国大陆已基本控制住疫情，但在意大利、西班牙、美国等发达国家疫情仍处于爆发期，世界卫生组织已将疫情的全球风险级别确定为“非常高”。 而随着新冠病毒疫情（COVID-19）在全球蔓延，以此为主题的网络攻击事件骤然增长。其中中国大陆、意大利、韩国等国家成为黑客网络攻击的高风险地区。腾讯安全威胁情报中心自疫情爆发后，已检测到多起以新冠病毒疫情为主题的攻击活动。 攻击者大多以投递邮件的方式，构造诱饵文件欺骗用户点击，恶意文件类型多种多样，覆盖EXE、MS Office宏文档、漏洞文档、lnk文件、VBS脚本等。而攻击的背景也包括具有国家背景的专业APT组织和普通黑产组织。本文对近期发现的以新冠病毒疫情为诱饵的攻击活动加以汇总，供大家参考。在此提醒广大政企单位和个人用户，在做好疫情防控的同时，也要做好网络安全的防护工作。
265,TA505黑产团伙更新诱饵：使用进度条迷惑受害者,TA505 (7),2019-10-30,奇安信,APT,TA505为proofpoint披露的网络犯罪组织，其相关活动可以追溯到2014年。该组织攻击目标为全球金融机构，采用大规模发送恶意邮件的方式进行攻击，曾经大范围传播Dridex，Locky等恶意程序。近年来各国执法机构已针对该组织采取了多次打击行动，比如通过打击Dridex等僵尸网络来削弱其影响，但都没有起到明显效果，直至今日，TA505仍然在网络上非常活跃。
266,TA505组织使用新SDBbot木马，针对希腊、德国等地区金融机构,TA505 (7),2019-10-16,Proofpoint,暂无数据,国外研究人员最近发现TA505组织通过电子邮件活动，分发新的下载器Get2。该下载器下载了有效负载FlawedGrace，FlawedAmmyy，Snatch和SDBbot(新的RAT)，而SDBbot是新的木马。该组织最近将希腊、德国和乔治亚州等地的金融机构作为目标，分发带有财务主题的恶意邮件。邮件包含恶意的Excel附件，Get2下载器被嵌入到文件中，与Microsoft Excel宏结合使用，收集基本的系统信息并通过GET请求发送给硬编码地址的C2服务器。SDBbot远程访问木马由三部分组成：安装程序，加载程序和RAT组件。安装程序将RAT组件存储在注册表中，并且会通过创建shim数据库(SDB)等方式为加载器组件建立持久性，SDBbot将其C2地址存储在纯文本字符串或文件(ip.txt)中，通过TCP端口443使用纯文本协议通信。
267,SectorJ04组织上半年活动分析报告,TA505 (7),2019-08-29,THREATRECON,漏洞攻击木马后门网络钓鱼,NSHC RedAlert Labs的ThreatRecon团队发布SectorJ04（又名TA505）组织2019年上半年活动分析报告。SectorJ04为俄罗斯网络犯罪组织，大约2014年开始运营，并利用针对欧洲、北美和西非国家和工业部门的恶意软件进行黑客活动以获取经济利益。2019年上半年，该组织活动明显增多，主要表现为以下三点：第一增加针对东亚和东南亚的黑客活动，包括韩国、中国、中国台湾和菲律宾等；第二垃圾邮件格式和黑客方法的变化，利用各种语言编写的垃圾邮件，包括英语、阿拉伯语、韩语和意大利语，使用多种内容主题的电子邮件，包括汇款卡、发票和税务发票。开始使用HTML文件作为附件或者文本中包含链接下载恶意文档，除了ServHelper和FlawedAmmy之外，还使用AdroMut和FlowerPippi后门；第三从特定组织和行业到随机目标，使其能够扩大活动的目标范围以获取经济利益。
268,TA505正在扩展其业务,TA505 (7),2019-05-29,YOROI,鱼叉式网络钓鱼,在过去的几天里，在监测活动中，Yoroi CERT发现了一起针对意大利组织的可疑袭击事件。恶意电子邮件包含一个高度可疑的样本，触发ZLAB团队调查其功能及其可能的归因，发现TA505操作的潜在扩展。威胁组织最近也因其最近针对银行和零售业的攻击行动而闻名，但最新证据表明其犯罪活动可能也会扩展到其他行业。
269,合法的远程访问工具变成了威胁演员的工具,TA505 (7),2019-04-24,Cyberint,网络钓鱼,这个名为TA505的复杂威胁演员团体在经济上受到激励，并且自2014年以来一直被归因于大量恶意电子邮件活动，包括Dridex和Shifu'banking特洛伊木马以及Neutrino僵尸网络/漏洞攻击套件和Locky勒索软件。
270,BlackTDS：新型恶意软件流量分配系统,TA505 (7),2018-03-13,Proofpoint,恶意软件,Proofpoint 研究人员披露，暗网上浮现传播恶意软件的新型流量分配系统（简称TDS），研究人员将其命名为“BlackTDS”。自2017年12月底以来 BlackTDS 的“主人”一直在地下市场宣传推广，自诩能以经济实惠的方式部署攻击工具包（EK）和恶意软件。
271,黑客组织TA555分发恶意软件AdvisorsBot，具备多种反分析功能和信息窃取模块,TA555 (1),2018-08-23,Proofpoint,暂无数据,Proofpoint的研究人员表示，他们最初在今年5月份检测了目的在于分发AdvisorsBot的垃圾电子邮件活动。到目前为止，这些电子邮件使用了多种不同的主题。主要被用于针对酒店、餐厅和电信行业，并且是由他们所追踪为TA555的黑客组织分发的。与大多数现代恶意软件一样，AdvisorsBot同样采用了多种反分析方法。其中，最有效的方法之一是使用垃圾代码（例如额外指令、条件语句和循环），从而大大减缓逆向工程的速度。Proofpoint的研究人员表示，他们在8月15日检测到的payload发生了很大的改变。攻击者使用了PowerShell和内嵌在PowerShell脚本中的NET.DLL对AdvisorsBot进行了重写。研究人员将这个变种标识为“PoshAdvisor”。虽然并不能确定这个黑客组织是否会在今后的活动中继续分发AdvisorsBot和PoshAdvisor，但这两个具备多种反分析功能和信息窃取模块的恶意软件是不容小视的。
