"情报数据","ASN","恶意软件家族","攻击行为","威胁情报"
"80.87.193.46","2 | 29182","","","apt"
"91.210.201.108","48369","","","apt"
"api.foxovsky.ru","","","","apt"
"btchit.me","","","","apt"
"dashboard.btchit.me","","","","apt"
"download.btchit.me","","","","apt"
"dviros.smabit.ru","","","","apt"
"Ru-uid-507352920.pp.ru","","","","apt"
"924bda3c9a8db75d80eca4a2eac3ff6e","","","","apt"
"995b58eca15bea70798ac29f5b0cd368","","","","apt"
"ae341ba5357eb8f9627898d0f740609b","","","","apt"
"ed81b7ab336d217d42136617f8f908af","","","","apt"
"5831a117790aebc381c863d1c59e38164ba9c95c13f560f6f0e6e499a4c0f583","","","","apt"
"6ee66ad45dcea6f6f02a7b43da0220908fcb1f80eb7f9d740f05acf64c410ed8","","","","apt"
"87698fa154be7f6563f1a653a02dd6a93e4fd62fa7bcee7ca3a1ed5366c5e7f7","","","","apt"
"d4864866becdce24241855de9af67c434007a9324b1b175a04020fd72e5e709b","","","","apt"